"../../../Engine/Plugins/2D/Paper2D/Content/PlaceholderTextures/DummySpriteTexture.ubulk" 0
"../../../Engine/Plugins/2D/Paper2D/Content/PlaceholderTextures/DummySpriteTexture.uasset" 1
"../../../Engine/Plugins/2D/Paper2D/Content/PlaceholderTextures/DummySpriteTexture.uexp" 2
"../../../Engine/Plugins/2D/Paper2D/Content/DummySprite.uasset" 3
"../../../Engine/Plugins/2D/Paper2D/Content/DummySprite.uexp" 4
"../../../Engine/Plugins/2D/Paper2D/Content/DefaultPaperTerrainMaterial.uasset" 5
"../../../Engine/Plugins/2D/Paper2D/Content/DefaultPaperTerrainMaterial.uexp" 6
"../../../Engine/Content/EngineSounds/Master.uasset" 7
"../../../Engine/Content/EngineSounds/Master.uexp" 8
"../../../Engine/Content/EngineMaterials/DefaultDestructiblePhysicalMaterial.uasset" 9
"../../../Engine/Content/EngineMaterials/DefaultDestructiblePhysicalMaterial.uexp" 10
"../../../Engine/Content/EngineFonts/Faces/DroidSansFallback.uexp" 11
"../../../Engine/Content/EngineFonts/Faces/DroidSansFallback.uasset" 12
"../../../Engine/Content/EngineFonts/Faces/DroidSansFallback.ufont" 13
"../../../Engine/Content/EngineFonts/Faces/RobotoBold.uexp" 14
"../../../Engine/Content/EngineFonts/Faces/RobotoBold.uasset" 15
"../../../Engine/Content/EngineFonts/Faces/RobotoBold.ufont" 16
"../../../Engine/Content/EngineFonts/Faces/RobotoBoldItalic.uexp" 17
"../../../Engine/Content/EngineFonts/Faces/RobotoBoldItalic.uasset" 18
"../../../Engine/Content/EngineFonts/Faces/RobotoBoldItalic.ufont" 19
"../../../Engine/Content/EngineFonts/Faces/RobotoItalic.uexp" 20
"../../../Engine/Content/EngineFonts/Faces/RobotoItalic.uasset" 21
"../../../Engine/Content/EngineFonts/Faces/RobotoItalic.ufont" 22
"../../../Engine/Content/EngineFonts/Faces/RobotoLight.uexp" 23
"../../../Engine/Content/EngineFonts/Faces/RobotoLight.uasset" 24
"../../../Engine/Content/EngineFonts/Faces/RobotoLight.ufont" 25
"../../../Engine/Content/EngineFonts/Faces/RobotoRegular.uexp" 26
"../../../Engine/Content/EngineFonts/Faces/RobotoRegular.uasset" 27
"../../../Engine/Content/EngineFonts/Faces/RobotoRegular.ufont" 28
"../../../Engine/Content/EngineFonts/Roboto.uasset" 29
"../../../Engine/Content/EngineFonts/Roboto.uexp" 30
"../../../Engine/Content/EngineFonts/Faces/DroidSansMono.uexp" 31
"../../../Engine/Content/EngineFonts/Faces/DroidSansMono.uasset" 32
"../../../Engine/Content/EngineFonts/Faces/DroidSansMono.ufont" 33
"../../../Engine/Content/EngineFonts/DroidSansMono.uasset" 34
"../../../Engine/Content/EngineFonts/DroidSansMono.uexp" 35
"../../../Engine/Plugins/Interchange/Runtime/Content/Pipelines/DefaultTexturePipeline.uasset" 36
"../../../Engine/Plugins/Interchange/Runtime/Content/Pipelines/DefaultTexturePipeline.uexp" 37
"../../../Engine/Plugins/Interchange/Runtime/Content/Pipelines/DefaultSceneLevelPipeline.uasset" 38
"../../../Engine/Plugins/Interchange/Runtime/Content/Pipelines/DefaultSceneLevelPipeline.uexp" 39
"../../../Engine/Plugins/Interchange/Runtime/Content/Pipelines/DefaultSceneAssetsPipeline.uasset" 40
"../../../Engine/Plugins/Interchange/Runtime/Content/Pipelines/DefaultSceneAssetsPipeline.uexp" 41
"../../../Engine/Plugins/Interchange/Runtime/Content/Pipelines/DefaultMaterialXPipeline.uasset" 42
"../../../Engine/Plugins/Interchange/Runtime/Content/Pipelines/DefaultMaterialXPipeline.uexp" 43
"../../../Engine/Plugins/Interchange/Runtime/Content/Pipelines/DefaultMaterialPipeline.uasset" 44
"../../../Engine/Plugins/Interchange/Runtime/Content/Pipelines/DefaultMaterialPipeline.uexp" 45
"../../../Engine/Plugins/Interchange/Runtime/Content/Pipelines/DefaultGLTFSceneAssetsPipeline.uasset" 46
"../../../Engine/Plugins/Interchange/Runtime/Content/Pipelines/DefaultGLTFSceneAssetsPipeline.uexp" 47
"../../../Engine/Plugins/Interchange/Runtime/Content/Pipelines/DefaultGLTFPipeline.uasset" 48
"../../../Engine/Plugins/Interchange/Runtime/Content/Pipelines/DefaultGLTFPipeline.uexp" 49
"../../../Engine/Plugins/Interchange/Runtime/Content/Pipelines/DefaultGLTFAssetsPipeline.uasset" 50
"../../../Engine/Plugins/Interchange/Runtime/Content/Pipelines/DefaultGLTFAssetsPipeline.uexp" 51
"../../../Engine/Plugins/Interchange/Runtime/Content/Pipelines/DefaultAssetsPipeline.uasset" 52
"../../../Engine/Plugins/Interchange/Runtime/Content/Pipelines/DefaultAssetsPipeline.uexp" 53
"../../../Engine/Content/EngineResources/GradientTexture0.uasset" 54
"../../../Engine/Content/EngineResources/GradientTexture0.uexp" 55
"../../../Engine/Content/EngineResources/Black.uasset" 56
"../../../Engine/Content/EngineResources/Black.uexp" 57
"../../../Engine/Content/EditorResources/S_Actor.ubulk" 58
"../../../Engine/Content/EditorResources/S_Actor.uasset" 59
"../../../Engine/Content/EditorResources/S_Actor.uexp" 60
"../../../Engine/Plugins/NNE/NNEDenoiser/Content/NNEDTOM_Output_Default.uasset" 61
"../../../Engine/Plugins/NNE/NNEDenoiser/Content/NNEDTOM_Output_Default.uexp" 62
"../../../Engine/Plugins/NNE/NNEDenoiser/Content/NNEDTOM_Output_Alpha.uasset" 63
"../../../Engine/Plugins/NNE/NNEDenoiser/Content/NNEDTOM_Output_Alpha.uexp" 64
"../../../Engine/Plugins/NNE/NNEDenoiser/Content/NNEDTIM_ColorAlbedoNormal_Default.uasset" 65
"../../../Engine/Plugins/NNE/NNEDenoiser/Content/NNEDTIM_ColorAlbedoNormal_Default.uexp" 66
"../../../Engine/Plugins/NNE/NNEDenoiser/Content/NNEDTIM_ColorAlbedoNormal_Alpha.uasset" 67
"../../../Engine/Plugins/NNE/NNEDenoiser/Content/NNEDTIM_ColorAlbedoNormal_Alpha.uexp" 68
"../../../Engine/Plugins/NNE/NNEDenoiser/Content/NNEDOM_Output_Default.uasset" 69
"../../../Engine/Plugins/NNE/NNEDenoiser/Content/NNEDOM_Output_Default.uexp" 70
"../../../Engine/Plugins/NNE/NNEDenoiser/Content/NNEDOM_Output_Alpha.uasset" 71
"../../../Engine/Plugins/NNE/NNEDenoiser/Content/NNEDOM_Output_Alpha.uexp" 72
"../../../Engine/Plugins/NNE/NNEDenoiser/Content/NNEDIM_HighQuality_Default.uasset" 73
"../../../Engine/Plugins/NNE/NNEDenoiser/Content/NNEDIM_HighQuality_Default.uexp" 74
"../../../Engine/Plugins/NNE/NNEDenoiser/Content/NNEDIM_HighQuality_Alpha.uasset" 75
"../../../Engine/Plugins/NNE/NNEDenoiser/Content/NNEDIM_HighQuality_Alpha.uexp" 76
"../../../Engine/Plugins/NNE/NNEDenoiser/Content/NNEDIM_ColorAlbedoNormal_Default.uasset" 77
"../../../Engine/Plugins/NNE/NNEDenoiser/Content/NNEDIM_ColorAlbedoNormal_Default.uexp" 78
"../../../Engine/Plugins/NNE/NNEDenoiser/Content/NNEDIM_ColorAlbedoNormal_Alpha.uasset" 79
"../../../Engine/Plugins/NNE/NNEDenoiser/Content/NNEDIM_ColorAlbedoNormal_Alpha.uexp" 80
"../../../Engine/Content/Functions/Engine_MaterialFunctions02/WorldPositionOffset/CameraOffset.uasset" 81
"../../../Engine/Content/Functions/Engine_MaterialFunctions02/WorldPositionOffset/CameraOffset.uexp" 82
"../../../Engine/Plugins/Animation/ControlRig/Content/M_Manip.uasset" 83
"../../../Engine/Plugins/Animation/ControlRig/Content/M_Manip.uexp" 84
"../../../Engine/Content/BasicShapes/BasicShapeMaterial.uasset" 85
"../../../Engine/Content/BasicShapes/BasicShapeMaterial.uexp" 86
"../../../Engine/Content/EditorResources/S_TriggerSphere.uasset" 87
"../../../Engine/Content/EditorResources/S_TriggerSphere.uexp" 88
"../../../Engine/Content/EditorResources/S_TriggerCapsule.uasset" 89
"../../../Engine/Content/EditorResources/S_TriggerCapsule.uexp" 90
"../../../Engine/Content/EditorResources/S_TriggerBox.uasset" 91
"../../../Engine/Content/EditorResources/S_TriggerBox.uexp" 92
"../../../Engine/Content/EditorResources/S_Trigger.ubulk" 93
"../../../Engine/Content/EditorResources/S_Trigger.uasset" 94
"../../../Engine/Content/EditorResources/S_Trigger.uexp" 95
"../../../Engine/Content/EditorResources/S_Terrain.ubulk" 96
"../../../Engine/Content/EditorResources/S_Terrain.uasset" 97
"../../../Engine/Content/EditorResources/S_Terrain.uexp" 98
"../../../Engine/Content/EditorResources/S_Solver.ubulk" 99
"../../../Engine/Content/EditorResources/S_Solver.uasset" 100
"../../../Engine/Content/EditorResources/S_Solver.uexp" 101
"../../../Engine/Content/EditorResources/S_BoxReflectionCapture.uasset" 102
"../../../Engine/Content/EditorResources/S_BoxReflectionCapture.uexp" 103
"../../../Engine/Content/EditorResources/BSPVertex.uasset" 104
"../../../Engine/Content/EditorResources/BSPVertex.uexp" 105
"../../../Engine/Content/EditorMaterials/PreviewShadowIndicator.ubulk" 106
"../../../Engine/Content/EditorMaterials/PreviewShadowIndicator.uasset" 107
"../../../Engine/Content/EditorMaterials/PreviewShadowIndicator.uexp" 108
"../../../Engine/Content/EditorMaterials/PreviewShadowIndicatorMaterial.uasset" 109
"../../../Engine/Content/EditorMaterials/PreviewShadowIndicatorMaterial.uexp" 110
"../../../Engine/Content/EditorMaterials/PhAT_UnselectedMaterial.uasset" 111
"../../../Engine/Content/EditorMaterials/PhAT_UnselectedMaterial.uexp" 112
"../../../Engine/Content/EditorMaterials/PhAT_NoCollisionMaterial.uasset" 113
"../../../Engine/Content/EditorMaterials/PhAT_NoCollisionMaterial.uexp" 114
"../../../Engine/Content/EditorLandscapeResources/WhiteSquareTexture.uasset" 115
"../../../Engine/Content/EditorLandscapeResources/WhiteSquareTexture.uexp" 116
"../../../Engine/Content/EditorLandscapeResources/LayerVisMaterial.uasset" 117
"../../../Engine/Content/EditorLandscapeResources/LayerVisMaterial.uexp" 118
"../../../Engine/Content/Functions/Engine_MaterialFunctions02/WorldPositionOffset/LocalPosition.uasset" 119
"../../../Engine/Content/Functions/Engine_MaterialFunctions02/WorldPositionOffset/LocalPosition.uexp" 120
"../../../Engine/Content/Functions/Engine_MaterialFunctions02/Utility/BreakOutFloat2Components.uasset" 121
"../../../Engine/Content/Functions/Engine_MaterialFunctions02/Utility/BreakOutFloat2Components.uexp" 122
"../../../Engine/Content/Functions/Engine_MaterialFunctions01/Texturing/ScaleUVsByCenter.uasset" 123
"../../../Engine/Content/Functions/Engine_MaterialFunctions01/Texturing/ScaleUVsByCenter.uexp" 124
"../../../Engine/Content/EngineMaterials/DefaultDiffuse.ubulk" 125
"../../../Engine/Content/EngineMaterials/DefaultDiffuse.uasset" 126
"../../../Engine/Content/EngineMaterials/DefaultDiffuse.uexp" 127
"../../../Engine/Content/Functions/Engine_MaterialFunctions01/Texturing/TextureCropping.uasset" 128
"../../../Engine/Content/Functions/Engine_MaterialFunctions01/Texturing/TextureCropping.uexp" 129
"../../../Engine/Content/Functions/Engine_MaterialFunctions02/ExampleContent/DebugNumberStrip.uasset" 130
"../../../Engine/Content/Functions/Engine_MaterialFunctions02/ExampleContent/DebugNumberStrip.uexp" 131
"../../../Engine/Content/Functions/Engine_MaterialFunctions01/Debug/DebugIntValues.uasset" 132
"../../../Engine/Content/Functions/Engine_MaterialFunctions01/Debug/DebugIntValues.uexp" 133
"../../../Engine/Content/EditorLandscapeResources/LandscapeLayerUsageMaterial.uasset" 134
"../../../Engine/Content/EditorLandscapeResources/LandscapeLayerUsageMaterial.uexp" 135
"../../../Engine/Content/EditorLandscapeResources/DefaultAlphaTexture.uasset" 136
"../../../Engine/Content/EditorLandscapeResources/DefaultAlphaTexture.uexp" 137
"../../../Engine/Content/EditorLandscapeResources/LandscapeDirtyMaterial.uasset" 138
"../../../Engine/Content/EditorLandscapeResources/LandscapeDirtyMaterial.uexp" 139
"../../../Engine/Content/Functions/Engine_MaterialFunctions02/Utility/VectorLength.uasset" 140
"../../../Engine/Content/Functions/Engine_MaterialFunctions02/Utility/VectorLength.uexp" 141
"../../../Engine/Content/Functions/Engine_MaterialFunctions02/Utility/BreakOutFloat3Components.uasset" 142
"../../../Engine/Content/Functions/Engine_MaterialFunctions02/Utility/BreakOutFloat3Components.uexp" 143
"../../../Engine/Content/Functions/Engine_MaterialFunctions02/WorldPositionOffset/ObjectScale.uasset" 144
"../../../Engine/Content/Functions/Engine_MaterialFunctions02/WorldPositionOffset/ObjectScale.uexp" 145
"../../../Engine/Content/Functions/Engine_MaterialFunctions02/SafeNormalize.uasset" 146
"../../../Engine/Content/Functions/Engine_MaterialFunctions02/SafeNormalize.uexp" 147
"../../../Engine/Plugins/Editor/SpeedTreeImporter/Content/SpeedTree9/UnpackInteger3.uasset" 148
"../../../Engine/Plugins/Editor/SpeedTreeImporter/Content/SpeedTree9/UnpackInteger3.uexp" 149
"../../../Engine/Plugins/Editor/SpeedTreeImporter/Content/SpeedTree9/UnpackDirection.uasset" 150
"../../../Engine/Plugins/Editor/SpeedTreeImporter/Content/SpeedTree9/UnpackDirection.uexp" 151
"../../../Engine/Plugins/Editor/SpeedTreeImporter/Content/SpeedTree9/game_wind_noise.ubulk" 152
"../../../Engine/Plugins/Editor/SpeedTreeImporter/Content/SpeedTree9/game_wind_noise.uasset" 153
"../../../Engine/Plugins/Editor/SpeedTreeImporter/Content/SpeedTree9/game_wind_noise.uexp" 154
"../../../Engine/Plugins/Editor/SpeedTreeImporter/Content/SpeedTree9/SpeedTreeWindMotion.uasset" 155
"../../../Engine/Plugins/Editor/SpeedTreeImporter/Content/SpeedTree9/SpeedTreeWindMotion.uexp" 156
"../../../Engine/Plugins/Editor/SpeedTreeImporter/Content/SpeedTree9/SpeedTreeBranchMotion.uasset" 157
"../../../Engine/Plugins/Editor/SpeedTreeImporter/Content/SpeedTree9/SpeedTreeBranchMotion.uexp" 158
"../../../Engine/Content/Functions/Engine_MaterialFunctions02/ObjectLocalBounds.uasset" 159
"../../../Engine/Content/Functions/Engine_MaterialFunctions02/ObjectLocalBounds.uexp" 160
"../../../Engine/Content/Functions/Engine_MaterialFunctions02/UVs/BoundingBoxBased_0-1_UVW.uasset" 161
"../../../Engine/Content/Functions/Engine_MaterialFunctions02/UVs/BoundingBoxBased_0-1_UVW.uexp" 162
"../../../Engine/Plugins/Editor/SpeedTreeImporter/Content/SpeedTree9/SpeedTreeWind.uasset" 163
"../../../Engine/Plugins/Editor/SpeedTreeImporter/Content/SpeedTree9/SpeedTreeWind.uexp" 164
"../../../Engine/Plugins/Editor/SpeedTreeImporter/Content/SpeedTree9/SpeedTreeCameraFacing.uasset" 165
"../../../Engine/Plugins/Editor/SpeedTreeImporter/Content/SpeedTree9/SpeedTreeCameraFacing.uexp" 166
"../../../Engine/Plugins/Editor/SpeedTreeImporter/Content/SpeedTree9/Empty.uasset" 167
"../../../Engine/Plugins/Editor/SpeedTreeImporter/Content/SpeedTree9/Empty.uexp" 168
"../../../Engine/Plugins/Editor/SpeedTreeImporter/Content/SpeedTree9/EmptyNormal.uasset" 169
"../../../Engine/Plugins/Editor/SpeedTreeImporter/Content/SpeedTree9/EmptyNormal.uexp" 170
"../../../Engine/Plugins/Editor/SpeedTreeImporter/Content/SpeedTree9/SpeedTreeMaster.uasset" 171
"../../../Engine/Plugins/Editor/SpeedTreeImporter/Content/SpeedTree9/SpeedTreeMaster.uexp" 172
"../../../Engine/Plugins/Editor/SpeedTreeImporter/Content/SpeedTree9/SpeedTreeBillboard.uasset" 173
"../../../Engine/Plugins/Editor/SpeedTreeImporter/Content/SpeedTree9/SpeedTreeBillboard.uexp" 174
"../../../Engine/Plugins/Editor/SpeedTreeImporter/Content/SpeedTree9/SpeedTreeBillboardMaster.uasset" 175
"../../../Engine/Plugins/Editor/SpeedTreeImporter/Content/SpeedTree9/SpeedTreeBillboardMaster.uexp" 176
"../../../Engine/Plugins/Animation/ControlRig/Content/Controls/ControlRigXRayMaterial.uasset" 177
"../../../Engine/Plugins/Animation/ControlRig/Content/Controls/ControlRigXRayMaterial.uexp" 178
"../../../Engine/Plugins/Animation/ControlRig/Content/Controls/ControlRigGizmoMaterial.uasset" 179
"../../../Engine/Plugins/Animation/ControlRig/Content/Controls/ControlRigGizmoMaterial.uexp" 180
"../../../Engine/Content/EngineResources/DefaultTexture.ubulk" 181
"../../../Engine/Content/EngineResources/DefaultTexture.uasset" 182
"../../../Engine/Content/EngineResources/DefaultTexture.uexp" 183
"../../../Engine/Content/EngineMaterials/RemoveSurfaceMaterial.uasset" 184
"../../../Engine/Content/EngineMaterials/RemoveSurfaceMaterial.uexp" 185
"../../../Engine/Content/EngineMaterials/PreintegratedSkinBRDF.uasset" 186
"../../../Engine/Content/EngineMaterials/PreintegratedSkinBRDF.uexp" 187
"../../../Engine/Content/EngineMaterials/DefaultCalibrationGrayscale.uasset" 188
"../../../Engine/Content/EngineMaterials/DefaultCalibrationGrayscale.uexp" 189
"../../../Engine/Content/EngineMaterials/PPM_DefaultCalibrationGrayscale.uasset" 190
"../../../Engine/Content/EngineMaterials/PPM_DefaultCalibrationGrayscale.uexp" 191
"../../../Engine/Content/EngineMaterials/DefaultCalibrationColor.uasset" 192
"../../../Engine/Content/EngineMaterials/DefaultCalibrationColor.uexp" 193
"../../../Engine/Content/EngineMaterials/PPM_DefaultCalibrationColor.uasset" 194
"../../../Engine/Content/EngineMaterials/PPM_DefaultCalibrationColor.uexp" 195
"../../../Engine/Content/EngineMaterials/PhAT_JointLimitMaterial.uasset" 196
"../../../Engine/Content/EngineMaterials/PhAT_JointLimitMaterial.uexp" 197
"../../../Engine/Content/EngineMaterials/NaniteHiddenSectionMaterial.uasset" 198
"../../../Engine/Content/EngineMaterials/NaniteHiddenSectionMaterial.uexp" 199
"../../../Engine/Content/EngineMaterials/InvalidLightmapSettings.ubulk" 200
"../../../Engine/Content/EngineMaterials/InvalidLightmapSettings.uasset" 201
"../../../Engine/Content/EngineMaterials/InvalidLightmapSettings.uexp" 202
"../../../Engine/Content/EngineMaterials/M_InvalidLightmapSettings.uasset" 203
"../../../Engine/Content/EngineMaterials/M_InvalidLightmapSettings.uexp" 204
"../../../Engine/Content/EngineMaterials/MiniFont.uasset" 205
"../../../Engine/Content/EngineMaterials/MiniFont.uexp" 206
"../../../Engine/Content/EngineMaterials/GizmoMaterial.uasset" 207
"../../../Engine/Content/EngineMaterials/GizmoMaterial.uexp" 208
"../../../Engine/Content/EngineMaterials/BaseFlattenDiffuseMap_VT.ubulk" 209
"../../../Engine/Content/EngineMaterials/BaseFlattenDiffuseMap_VT.uasset" 210
"../../../Engine/Content/EngineMaterials/BaseFlattenDiffuseMap_VT.uexp" 211
"../../../Engine/Content/EngineMaterials/BaseFlattenEmissiveMap_VT.ubulk" 212
"../../../Engine/Content/EngineMaterials/BaseFlattenEmissiveMap_VT.uasset" 213
"../../../Engine/Content/EngineMaterials/BaseFlattenEmissiveMap_VT.uexp" 214
"../../../Engine/Content/EngineMaterials/BaseFlattenGrayscaleMap_VT.ubulk" 215
"../../../Engine/Content/EngineMaterials/BaseFlattenGrayscaleMap_VT.uasset" 216
"../../../Engine/Content/EngineMaterials/BaseFlattenGrayscaleMap_VT.uexp" 217
"../../../Engine/Content/EngineMaterials/BaseFlattenLinearColor_VT.ubulk" 218
"../../../Engine/Content/EngineMaterials/BaseFlattenLinearColor_VT.uasset" 219
"../../../Engine/Content/EngineMaterials/BaseFlattenLinearColor_VT.uexp" 220
"../../../Engine/Content/EngineMaterials/BaseFlattenNormalMap_VT.ubulk" 221
"../../../Engine/Content/EngineMaterials/BaseFlattenNormalMap_VT.uasset" 222
"../../../Engine/Content/EngineMaterials/BaseFlattenNormalMap_VT.uexp" 223
"../../../Engine/Content/EngineMaterials/Black_1x1_EXR_Texture_VT.ubulk" 224
"../../../Engine/Content/EngineMaterials/Black_1x1_EXR_Texture_VT.uasset" 225
"../../../Engine/Content/EngineMaterials/Black_1x1_EXR_Texture_VT.uexp" 226
"../../../Engine/Content/EngineMaterials/FlattenMaterial_WS_Normal_VT.uasset" 227
"../../../Engine/Content/EngineMaterials/FlattenMaterial_WS_Normal_VT.uexp" 228
"../../../Engine/Content/EngineMaterials/FlattenMaterial_VT.uasset" 229
"../../../Engine/Content/EngineMaterials/FlattenMaterial_VT.uexp" 230
"../../../Engine/Content/EngineMaterials/BaseFlattenNormalMap.uasset" 231
"../../../Engine/Content/EngineMaterials/BaseFlattenNormalMap.uexp" 232
"../../../Engine/Content/EngineMaterials/BaseFlattenDiffuseMap.uasset" 233
"../../../Engine/Content/EngineMaterials/BaseFlattenDiffuseMap.uexp" 234
"../../../Engine/Content/EngineMaterials/BaseFlattenEmissiveMap.uasset" 235
"../../../Engine/Content/EngineMaterials/BaseFlattenEmissiveMap.uexp" 236
"../../../Engine/Content/EngineMaterials/BaseFlattenGrayscaleMap.uasset" 237
"../../../Engine/Content/EngineMaterials/BaseFlattenGrayscaleMap.uexp" 238
"../../../Engine/Content/EngineMaterials/BaseFlattenLinearColor.uasset" 239
"../../../Engine/Content/EngineMaterials/BaseFlattenLinearColor.uexp" 240
"../../../Engine/Content/Functions/Engine_MaterialFunctions02/PivotPainter2/Black_1x1_EXR_Texture.uasset" 241
"../../../Engine/Content/Functions/Engine_MaterialFunctions02/PivotPainter2/Black_1x1_EXR_Texture.uexp" 242
"../../../Engine/Content/EngineMaterials/FlattenMaterial.uasset" 243
"../../../Engine/Content/EngineMaterials/FlattenMaterial.uexp" 244
"../../../Engine/Content/EngineMaterials/FastBlueNoise_vec2_128x128x64.uasset" 245
"../../../Engine/Content/EngineMaterials/FastBlueNoise_vec2_128x128x64.uexp" 246
"../../../Engine/Content/EngineMaterials/FastBlueNoise_scalar_128x128x8.uasset" 247
"../../../Engine/Content/EngineMaterials/FastBlueNoise_scalar_128x128x8.uexp" 248
"../../../Engine/Content/EngineMaterials/FastBlueNoise_scalar_128x128x64.uasset" 249
"../../../Engine/Content/EngineMaterials/FastBlueNoise_scalar_128x128x64.uexp" 250
"../../../Engine/Content/EngineMaterials/DefaultWhiteGrid_Low.uasset" 251
"../../../Engine/Content/EngineMaterials/DefaultWhiteGrid_Low.uexp" 252
"../../../Engine/Content/EngineMaterials/EmissiveMeshMaterial.uasset" 253
"../../../Engine/Content/EngineMaterials/EmissiveMeshMaterial.uexp" 254
"../../../Engine/Content/EngineMaterials/DefaultWhiteGrid.ubulk" 255
"../../../Engine/Content/EngineMaterials/DefaultWhiteGrid.uasset" 256
"../../../Engine/Content/EngineMaterials/DefaultWhiteGrid.uexp" 257
"../../../Engine/Content/EngineFonts/RobotoDistanceField.uasset" 258
"../../../Engine/Content/EngineFonts/RobotoDistanceField.uexp" 259
"../../../Engine/Content/EngineMaterials/DefaultTextMaterialOpaque.uasset" 260
"../../../Engine/Content/EngineMaterials/DefaultTextMaterialOpaque.uexp" 261
"../../../Engine/Content/EngineMaterials/DefaultPostProcessMaterial.uasset" 262
"../../../Engine/Content/EngineMaterials/DefaultPostProcessMaterial.uexp" 263
"../../../Engine/Content/EngineMaterials/DefaultLightFunctionMaterial.uasset" 264
"../../../Engine/Content/EngineMaterials/DefaultLightFunctionMaterial.uexp" 265
"../../../Engine/Content/EngineMaterials/DefaultDeferredDecalMaterial.uasset" 266
"../../../Engine/Content/EngineMaterials/DefaultDeferredDecalMaterial.uexp" 267
"../../../Engine/Content/EngineMaterials/DefaultBokeh.uasset" 268
"../../../Engine/Content/EngineMaterials/DefaultBokeh.uexp" 269
"../../../Engine/Content/EngineMaterials/DefaultBloomKernel.uasset" 270
"../../../Engine/Content/EngineMaterials/DefaultBloomKernel.uexp" 271
"../../../Engine/Content/Functions/Engine_MaterialFunctions02/Utility/CameraDirectionVector.uasset" 272
"../../../Engine/Content/Functions/Engine_MaterialFunctions02/Utility/CameraDirectionVector.uexp" 273
"../../../Engine/Content/EngineDebugMaterials/VolumeToRender.uasset" 274
"../../../Engine/Content/EngineDebugMaterials/VolumeToRender.uexp" 275
"../../../Engine/Content/EngineDebugMaterials/M_VolumeRenderSphereTracePP.uasset" 276
"../../../Engine/Content/EngineDebugMaterials/M_VolumeRenderSphereTracePP.uexp" 277
"../../../Engine/Content/EngineDebugMaterials/M_SimpleUnlitTranslucent.uasset" 278
"../../../Engine/Content/EngineDebugMaterials/M_SimpleUnlitTranslucent.uexp" 279
"../../../Engine/Content/EngineDebugMaterials/DebugMeshMaterial.uasset" 280
"../../../Engine/Content/EngineDebugMaterials/DebugMeshMaterial.uexp" 281
"../../../Engine/Content/EngineDebugMaterials/DebugEditorMaterial.uasset" 282
"../../../Engine/Content/EngineDebugMaterials/DebugEditorMaterial.uexp" 283
"../../../Engine/Content/EngineDamageTypes/DmgTypeBP_Environmental.uasset" 284
"../../../Engine/Content/EngineDamageTypes/DmgTypeBP_Environmental.uexp" 285
"../../../Engine/Plugins/VirtualProduction/CameraCalibrationCore/Content/Materials/M_DefaultOddSquare.uasset" 286
"../../../Engine/Plugins/VirtualProduction/CameraCalibrationCore/Content/Materials/M_DefaultOddSquare.uexp" 287
"../../../Engine/Plugins/VirtualProduction/CameraCalibrationCore/Content/Materials/M_DefaultEvenSquare.uasset" 288
"../../../Engine/Plugins/VirtualProduction/CameraCalibrationCore/Content/Materials/M_DefaultEvenSquare.uexp" 289
"../../../Engine/Plugins/Runtime/HairStrands/Content/Materials/HairMeshesDefaultMaterial.uasset" 290
"../../../Engine/Plugins/Runtime/HairStrands/Content/Materials/HairMeshesDefaultMaterial.uexp" 291
"../../../Engine/Plugins/Runtime/HairStrands/Content/Materials/HairDefaultMaterial.uasset" 292
"../../../Engine/Plugins/Runtime/HairStrands/Content/Materials/HairDefaultMaterial.uexp" 293
"../../../Engine/Content/Functions/Engine_MaterialFunctions02/Utility/MakeFloat2.uasset" 294
"../../../Engine/Content/Functions/Engine_MaterialFunctions02/Utility/MakeFloat2.uexp" 295
"../../../Engine/Content/Functions/Engine_MaterialFunctions02/Utility/MakeFloat3.uasset" 296
"../../../Engine/Content/Functions/Engine_MaterialFunctions02/Utility/MakeFloat3.uexp" 297
"../../../Engine/Content/EngineMaterials/HairDebugColor.uasset" 298
"../../../Engine/Content/EngineMaterials/HairDebugColor.uexp" 299
"../../../Engine/Content/EngineMaterials/HairColorMap.uasset" 300
"../../../Engine/Content/EngineMaterials/HairColorMap.uexp" 301
"../../../Engine/Plugins/Runtime/HairStrands/Content/Materials/HairGroupColors.uasset" 302
"../../../Engine/Plugins/Runtime/HairStrands/Content/Materials/HairGroupColors.uexp" 303
"../../../Engine/Plugins/Runtime/HairStrands/Content/Materials/HairDebugMaterial.uasset" 304
"../../../Engine/Plugins/Runtime/HairStrands/Content/Materials/HairDebugMaterial.uexp" 305
"../../../Engine/Plugins/Runtime/HairStrands/Content/Materials/HairCardsDefaultMaterial.uasset" 306
"../../../Engine/Plugins/Runtime/HairStrands/Content/Materials/HairCardsDefaultMaterial.uexp" 307
"../../../Engine/Plugins/Runtime/AudioWidgets/Content/Resources/ScrubHandleDown_Clamped.uasset" 308
"../../../Engine/Plugins/Runtime/AudioWidgets/Content/Resources/ScrubHandleDown_Clamped.uexp" 309
"../../../Engine/Plugins/Interchange/Assets/Content/Functions/MX_UsdPreviewSurface.uasset" 310
"../../../Engine/Plugins/Interchange/Assets/Content/Functions/MX_UsdPreviewSurface.uexp" 311
"../../../Engine/Plugins/Interchange/Assets/Content/Functions/MX_UniformEDF.uasset" 312
"../../../Engine/Plugins/Interchange/Assets/Content/Functions/MX_UniformEDF.uexp" 313
"../../../Engine/Plugins/Interchange/Assets/Content/Functions/MX_TranslucentBSDF.uasset" 314
"../../../Engine/Plugins/Interchange/Assets/Content/Functions/MX_TranslucentBSDF.uexp" 315
"../../../Engine/Plugins/Interchange/Assets/Content/Functions/MX_ThinFilmBSDF.uasset" 316
"../../../Engine/Plugins/Interchange/Assets/Content/Functions/MX_ThinFilmBSDF.uexp" 317
"../../../Engine/Plugins/Interchange/Assets/Content/Functions/MX_SurfaceUnlit.uasset" 318
"../../../Engine/Plugins/Interchange/Assets/Content/Functions/MX_SurfaceUnlit.uexp" 319
"../../../Engine/Plugins/Interchange/Assets/Content/Functions/MX_Surface.uasset" 320
"../../../Engine/Plugins/Interchange/Assets/Content/Functions/MX_Surface.uexp" 321
"../../../Engine/Plugins/Interchange/Assets/Content/Functions/MX_SubsurfaceBSDF.uasset" 322
"../../../Engine/Plugins/Interchange/Assets/Content/Functions/MX_SubsurfaceBSDF.uexp" 323
"../../../Engine/Plugins/Interchange/Assets/Content/Functions/MX_SheenBSDF.uasset" 324
"../../../Engine/Plugins/Interchange/Assets/Content/Functions/MX_SheenBSDF.uexp" 325
"../../../Engine/Plugins/Interchange/Assets/Content/Functions/MX_OrenNayarBSDF.uasset" 326
"../../../Engine/Plugins/Interchange/Assets/Content/Functions/MX_OrenNayarBSDF.uexp" 327
"../../../Engine/Plugins/Interchange/Assets/Content/Functions/MF_IridescenceNoLUT.uasset" 328
"../../../Engine/Plugins/Interchange/Assets/Content/Functions/MF_IridescenceNoLUT.uexp" 329
"../../../Engine/Plugins/Interchange/Assets/Content/Functions/MX_StandardSurface.uasset" 330
"../../../Engine/Plugins/Interchange/Assets/Content/Functions/MX_StandardSurface.uexp" 331
"../../../Engine/Plugins/Interchange/Assets/Content/Functions/MX_TransmissionSurface.uasset" 332
"../../../Engine/Plugins/Interchange/Assets/Content/Functions/MX_TransmissionSurface.uexp" 333
"../../../Engine/Plugins/Interchange/Assets/Content/Functions/MX_OpenPBR_Translucent.uasset" 334
"../../../Engine/Plugins/Interchange/Assets/Content/Functions/MX_OpenPBR_Translucent.uexp" 335
"../../../Engine/Plugins/Interchange/Assets/Content/Functions/MX_OpenPBR_Opaque.uasset" 336
"../../../Engine/Plugins/Interchange/Assets/Content/Functions/MX_OpenPBR_Opaque.uexp" 337
"../../../Engine/Plugins/Interchange/Assets/Content/Functions/MX_MeasuredEDF.uasset" 338
"../../../Engine/Plugins/Interchange/Assets/Content/Functions/MX_MeasuredEDF.uexp" 339
"../../../Engine/Plugins/Interchange/Assets/Content/Functions/MX_GeneralizedSchlickBSDF.uasset" 340
"../../../Engine/Plugins/Interchange/Assets/Content/Functions/MX_GeneralizedSchlickBSDF.uexp" 341
"../../../Engine/Plugins/Interchange/Assets/Content/Functions/MX_Displacement.uasset" 342
"../../../Engine/Plugins/Interchange/Assets/Content/Functions/MX_Displacement.uexp" 343
"../../../Engine/Plugins/Interchange/Assets/Content/Functions/MX_DielectricBSDF.uasset" 344
"../../../Engine/Plugins/Interchange/Assets/Content/Functions/MX_DielectricBSDF.uexp" 345
"../../../Engine/Plugins/Interchange/Assets/Content/Functions/MX_ConicalEDF.uasset" 346
"../../../Engine/Plugins/Interchange/Assets/Content/Functions/MX_ConicalEDF.uexp" 347
"../../../Engine/Plugins/Interchange/Assets/Content/Functions/MX_ConductorBSDF.uasset" 348
"../../../Engine/Plugins/Interchange/Assets/Content/Functions/MX_ConductorBSDF.uexp" 349
"../../../Engine/Plugins/Interchange/Assets/Content/Functions/MX_BurleyDiffuseBSDF.uasset" 350
"../../../Engine/Plugins/Interchange/Assets/Content/Functions/MX_BurleyDiffuseBSDF.uexp" 351
"../../../Engine/Plugins/Interchange/Assets/Content/Functions/MX_AnisotropicVDF.uasset" 352
"../../../Engine/Plugins/Interchange/Assets/Content/Functions/MX_AnisotropicVDF.uexp" 353
"../../../Engine/Plugins/Interchange/Assets/Content/Functions/MX_AbsorptionVDF.uasset" 354
"../../../Engine/Plugins/Interchange/Assets/Content/Functions/MX_AbsorptionVDF.uexp" 355
"../../../Engine/Content/EditorMaterials/Dataflow/DataflowVertexMaterial.uasset" 356
"../../../Engine/Content/EditorMaterials/Dataflow/DataflowVertexMaterial.uexp" 357
"../../../Engine/Content/EditorMaterials/Dataflow/DataflowTwoSidedVertexMaterial.uasset" 358
"../../../Engine/Content/EditorMaterials/Dataflow/DataflowTwoSidedVertexMaterial.uexp" 359
"../../../Engine/Content/EngineResources/FilmGrains/Marcie_Grain_v3_128_M2_000.uasset" 360
"../../../Engine/Content/EngineResources/FilmGrains/Marcie_Grain_v3_128_M2_000.uexp" 361
"../../../Engine/Content/EngineResources/Development/ZenLogo_64.uasset" 362
"../../../Engine/Content/EngineResources/Development/ZenLogo_64.uexp" 363
"../../../Engine/Content/EngineMaterials/LTC/Sheen_LTC.uasset" 364
"../../../Engine/Content/EngineMaterials/LTC/Sheen_LTC.uexp" 365
"../../../Engine/Content/EngineMaterials/LTC/GGX_LTCMat.uasset" 366
"../../../Engine/Content/EngineMaterials/LTC/GGX_LTCMat.uexp" 367
"../../../Engine/Content/EngineMaterials/LTC/GGX_LTCAmp.uasset" 368
"../../../Engine/Content/EngineMaterials/LTC/GGX_LTCAmp.uexp" 369
"../../../Engine/Content/EngineMaterials/EnergyConservation/Sheen_Energy.uasset" 370
"../../../Engine/Content/EngineMaterials/EnergyConservation/Sheen_Energy.uexp" 371
"../../../Engine/Content/EngineMaterials/EnergyConservation/SheenLegacy_Energy.uasset" 372
"../../../Engine/Content/EngineMaterials/EnergyConservation/SheenLegacy_Energy.uexp" 373
"../../../Engine/Content/EngineMaterials/EnergyConservation/GGX_TransmissionEnergyArray.uasset" 374
"../../../Engine/Content/EngineMaterials/EnergyConservation/GGX_TransmissionEnergyArray.uexp" 375
"../../../Engine/Content/EngineMaterials/EnergyConservation/GGX_ReflectionEnergy.uasset" 376
"../../../Engine/Content/EngineMaterials/EnergyConservation/GGX_ReflectionEnergy.uexp" 377
"../../../Engine/Content/EngineMaterials/EnergyConservation/Diffuse_Energy.uasset" 378
"../../../Engine/Content/EngineMaterials/EnergyConservation/Diffuse_Energy.uexp" 379
"../../../Engine/Content/EditorResources/SequenceRecorder/RecordingIndicator.uasset" 380
"../../../Engine/Content/EditorResources/SequenceRecorder/RecordingIndicator.uexp" 381
"../../../Engine/Content/EditorResources/SequenceRecorder/Countdown.uasset" 382
"../../../Engine/Content/EditorResources/SequenceRecorder/Countdown.uexp" 383
"../../../Engine/Content/EditorMaterials/ParticleSystems/PSysThumbnail_OOD.ubulk" 384
"../../../Engine/Content/EditorMaterials/ParticleSystems/PSysThumbnail_OOD.uasset" 385
"../../../Engine/Content/EditorMaterials/ParticleSystems/PSysThumbnail_OOD.uexp" 386
"../../../Engine/Content/EditorMaterials/ParticleSystems/PSysThumbnail_NoImage.ubulk" 387
"../../../Engine/Content/EditorMaterials/ParticleSystems/PSysThumbnail_NoImage.uasset" 388
"../../../Engine/Content/EditorMaterials/ParticleSystems/PSysThumbnail_NoImage.uexp" 389
"C:/Projects/Unreal/WaveProject/Content/WaveGame/Sounds/SFX_Music.uasset" 390
"C:/Projects/Unreal/WaveProject/Content/WaveGame/Sounds/SFX_Music.uexp" 391
"C:/Projects/Unreal/WaveProject/Content/WaveGame/Sounds/Assets/Gothic_3_-_Geldern_Night_Music.ubulk" 392
"C:/Projects/Unreal/WaveProject/Content/WaveGame/Sounds/Assets/Gothic_3_-_Geldern_Night_Music.uasset" 393
"C:/Projects/Unreal/WaveProject/Content/WaveGame/Sounds/Assets/Gothic_3_-_Geldern_Night_Music.uexp" 394
"C:/Projects/Unreal/WaveProject/Content/WaveGame/Sounds/BPC_MusicManager.uasset" 395
"C:/Projects/Unreal/WaveProject/Content/WaveGame/Sounds/BPC_MusicManager.uexp" 396
"C:/Projects/Unreal/WaveProject/Content/WaveGame/Sounds/SFX_Effects.uasset" 397
"C:/Projects/Unreal/WaveProject/Content/WaveGame/Sounds/SFX_Effects.uexp" 398
"C:/Projects/Unreal/WaveProject/Content/WaveGame/Sounds/SCM_MasterMix.uasset" 399
"C:/Projects/Unreal/WaveProject/Content/WaveGame/Sounds/SCM_MasterMix.uexp" 400
"C:/Projects/Unreal/WaveProject/Content/WaveGame/BP_MyGameInstancr.uasset" 401
"C:/Projects/Unreal/WaveProject/Content/WaveGame/BP_MyGameInstancr.uexp" 402
"C:/Projects/Unreal/WaveProject/Content/WaveGame/BP_MyGameState.uasset" 403
"C:/Projects/Unreal/WaveProject/Content/WaveGame/BP_MyGameState.uexp" 404
"C:/Projects/Unreal/WaveProject/Content/WaveGame/Materials/M_Outline.uasset" 405
"C:/Projects/Unreal/WaveProject/Content/WaveGame/Materials/M_Outline.uexp" 406
"C:/Projects/Unreal/WaveProject/Content/WaveGame/Materials/MI_Outline.uasset" 407
"C:/Projects/Unreal/WaveProject/Content/WaveGame/Materials/MI_Outline.uexp" 408
"C:/Projects/Unreal/WaveProject/Content/Characters/Mannequins/Meshes/SK_Mannequin.uasset" 409
"C:/Projects/Unreal/WaveProject/Content/Characters/Mannequins/Meshes/SK_Mannequin.uexp" 410
"C:/Projects/Unreal/WaveProject/Content/WaveGame/WaveCharacter/CharacterAssets/Meshes/PSK_Character.uasset" 411
"C:/Projects/Unreal/WaveProject/Content/WaveGame/WaveCharacter/CharacterAssets/Meshes/PSK_Character.uexp" 412
"C:/Projects/Unreal/WaveProject/Content/WaveGame/WaveCharacter/CharacterAssets/Materials/CharacterTexture.ubulk" 413
"C:/Projects/Unreal/WaveProject/Content/WaveGame/WaveCharacter/CharacterAssets/Materials/CharacterTexture.uasset" 414
"C:/Projects/Unreal/WaveProject/Content/WaveGame/WaveCharacter/CharacterAssets/Materials/CharacterTexture.uexp" 415
"C:/Projects/Unreal/WaveProject/Content/WaveGame/WaveCharacter/CharacterAssets/Materials/M_Character.uasset" 416
"C:/Projects/Unreal/WaveProject/Content/WaveGame/WaveCharacter/CharacterAssets/Materials/M_Character.uexp" 417
"C:/Projects/Unreal/WaveProject/Content/WaveGame/WaveCharacter/CharacterAssets/Meshes/SK_Character.uasset" 418
"C:/Projects/Unreal/WaveProject/Content/WaveGame/WaveCharacter/CharacterAssets/Meshes/SK_Character.uexp" 419
"../../../Engine/Content/EngineResources/AICON-Green.uasset" 420
"../../../Engine/Content/EngineResources/AICON-Green.uexp" 421
"C:/Projects/Unreal/WaveProject/Content/WaveGame/WaveCharacter/CombatSystem/PDA_Ability.uasset" 422
"C:/Projects/Unreal/WaveProject/Content/WaveGame/WaveCharacter/CombatSystem/PDA_Ability.uexp" 423
"C:/Projects/Unreal/WaveProject/Content/WaveGame/WaveCharacter/CombatSystem/E_InputState.uasset" 424
"C:/Projects/Unreal/WaveProject/Content/WaveGame/WaveCharacter/CombatSystem/E_InputState.uexp" 425
"C:/Projects/Unreal/WaveProject/Content/WaveGame/WaveCharacter/CombatSystem/E_Ability.uasset" 426
"C:/Projects/Unreal/WaveProject/Content/WaveGame/WaveCharacter/CombatSystem/E_Ability.uexp" 427
"../../../Engine/Content/EngineResources/AICON-Red.uasset" 428
"../../../Engine/Content/EngineResources/AICON-Red.uexp" 429
"../../../Engine/Plugins/Animation/ACLPlugin/Content/ACLAnimCurveCompressionSettings.uasset" 430
"../../../Engine/Plugins/Animation/ACLPlugin/Content/ACLAnimCurveCompressionSettings.uexp" 431
"../../../Engine/Plugins/Animation/ACLPlugin/Content/ACLAnimBoneCompressionSettings.uasset" 432
"../../../Engine/Plugins/Animation/ACLPlugin/Content/ACLAnimBoneCompressionSettings.uexp" 433
"../../../Engine/Content/Animation/DefaultVariableFrameStrippingSettings.uasset" 434
"../../../Engine/Content/Animation/DefaultVariableFrameStrippingSettings.uexp" 435
"C:/Projects/Unreal/WaveProject/Content/WaveGame/WaveCharacter/CharacterAssets/Anims/MM_HeavyAttack.uasset" 436
"C:/Projects/Unreal/WaveProject/Content/WaveGame/WaveCharacter/CharacterAssets/Anims/MM_HeavyAttack.uexp" 437
"C:/Projects/Unreal/WaveProject/Content/WaveGame/WaveCharacter/CharacterAssets/Anims/AM_PreHit.uasset" 438
"C:/Projects/Unreal/WaveProject/Content/WaveGame/WaveCharacter/CharacterAssets/Anims/AM_PreHit.uexp" 439
"C:/Projects/Unreal/WaveProject/Content/WaveGame/WaveCharacter/CharacterAssets/Anims/MM_LightAttack.uasset" 440
"C:/Projects/Unreal/WaveProject/Content/WaveGame/WaveCharacter/CharacterAssets/Anims/MM_LightAttack.uexp" 441
"C:/Projects/Unreal/WaveProject/Content/WaveGame/WaveCharacter/CharacterAssets/Anims/Notifies/N_AnimBlendNotifier.uasset" 442
"C:/Projects/Unreal/WaveProject/Content/WaveGame/WaveCharacter/CharacterAssets/Anims/Notifies/N_AnimBlendNotifier.uexp" 443
"C:/Projects/Unreal/WaveProject/Content/WaveGame/WaveCharacter/CharacterAssets/Anims/Notifies/N_SwordTrailNotifier.uasset" 444
"C:/Projects/Unreal/WaveProject/Content/WaveGame/WaveCharacter/CharacterAssets/Anims/Notifies/N_SwordTrailNotifier.uexp" 445
"C:/Projects/Unreal/WaveProject/Content/WaveGame/WaveCharacter/CharacterAssets/Anims/AM_Hit.uasset" 446
"C:/Projects/Unreal/WaveProject/Content/WaveGame/WaveCharacter/CharacterAssets/Anims/AM_Hit.uexp" 447
"C:/Projects/Unreal/WaveProject/Content/WaveGame/WaveCharacter/CombatSystem/DA_SwordAbility.uasset" 448
"C:/Projects/Unreal/WaveProject/Content/WaveGame/WaveCharacter/CombatSystem/DA_SwordAbility.uexp" 449
"C:/Projects/Unreal/WaveProject/Content/WaveGame/WaveCharacter/Input/Actions/IA_Throw.uasset" 450
"C:/Projects/Unreal/WaveProject/Content/WaveGame/WaveCharacter/Input/Actions/IA_Throw.uexp" 451
"C:/Projects/Unreal/WaveProject/Content/WaveGame/WaveCharacter/Input/Actions/IA_Attack.uasset" 452
"C:/Projects/Unreal/WaveProject/Content/WaveGame/WaveCharacter/Input/Actions/IA_Attack.uexp" 453
"C:/Projects/Unreal/WaveProject/Content/WaveGame/WaveCharacter/Input/Actions/IA_Move.uasset" 454
"C:/Projects/Unreal/WaveProject/Content/WaveGame/WaveCharacter/Input/Actions/IA_Move.uexp" 455
"C:/Projects/Unreal/WaveProject/Content/WaveGame/WaveCharacter/Input/Actions/IA_Aim.uasset" 456
"C:/Projects/Unreal/WaveProject/Content/WaveGame/WaveCharacter/Input/Actions/IA_Aim.uexp" 457
"C:/Projects/Unreal/WaveProject/Content/WaveGame/WaveCharacter/Input/Actions/IA_Dash.uasset" 458
"C:/Projects/Unreal/WaveProject/Content/WaveGame/WaveCharacter/Input/Actions/IA_Dash.uexp" 459
"C:/Projects/Unreal/WaveProject/Content/WaveGame/WaveCharacter/Input/Actions/IA_Shoot.uasset" 460
"C:/Projects/Unreal/WaveProject/Content/WaveGame/WaveCharacter/Input/Actions/IA_Shoot.uexp" 461
"C:/Projects/Unreal/WaveProject/Content/WaveGame/WaveCharacter/Input/Actions/IA_ShowWidget.uasset" 462
"C:/Projects/Unreal/WaveProject/Content/WaveGame/WaveCharacter/Input/Actions/IA_ShowWidget.uexp" 463
"C:/Projects/Unreal/WaveProject/Content/WaveGame/WaveCharacter/Input/IMC_Default.uasset" 464
"C:/Projects/Unreal/WaveProject/Content/WaveGame/WaveCharacter/Input/IMC_Default.uexp" 465
"C:/Projects/Unreal/WaveProject/Content/TopDown/Cursor/T_Arrow.uasset" 466
"C:/Projects/Unreal/WaveProject/Content/TopDown/Cursor/T_Arrow.uexp" 467
"C:/Projects/Unreal/WaveProject/Content/TopDown/Cursor/M_Cursor.uasset" 468
"C:/Projects/Unreal/WaveProject/Content/TopDown/Cursor/M_Cursor.uexp" 469
"C:/Projects/Unreal/WaveProject/Content/TopDown/Cursor/SM_CursorMesh.ubulk" 470
"C:/Projects/Unreal/WaveProject/Content/TopDown/Cursor/SM_CursorMesh.uasset" 471
"C:/Projects/Unreal/WaveProject/Content/TopDown/Cursor/SM_CursorMesh.uexp" 472
"C:/Projects/Unreal/WaveProject/Content/TopDown/Cursor/FX_Cursor_Success.uasset" 473
"C:/Projects/Unreal/WaveProject/Content/TopDown/Cursor/FX_Cursor_Success.uexp" 474
"C:/Projects/Unreal/WaveProject/Content/WaveGame/WaveCharacter/CombatSystem/AC_AbilitiesComponent.uasset" 475
"C:/Projects/Unreal/WaveProject/Content/WaveGame/WaveCharacter/CombatSystem/AC_AbilitiesComponent.uexp" 476
"C:/Projects/Unreal/WaveProject/Content/WaveGame/WaveCharacter/UI/WBP_Skill.uasset" 477
"C:/Projects/Unreal/WaveProject/Content/WaveGame/WaveCharacter/UI/WBP_Skill.uexp" 478
"C:/Projects/Unreal/WaveProject/Content/WaveGame/WaveCharacter/UI/WBP_QuestLog.uasset" 479
"C:/Projects/Unreal/WaveProject/Content/WaveGame/WaveCharacter/UI/WBP_QuestLog.uexp" 480
"C:/Projects/Unreal/WaveProject/Content/WaveGame/WaveCharacter/UI/WBP_Health.uasset" 481
"C:/Projects/Unreal/WaveProject/Content/WaveGame/WaveCharacter/UI/WBP_Health.uexp" 482
"C:/Projects/Unreal/WaveProject/Content/WaveGame/WaveCharacter/UI/WBP_InGameMain.uasset" 483
"C:/Projects/Unreal/WaveProject/Content/WaveGame/WaveCharacter/UI/WBP_InGameMain.uexp" 484
"C:/Projects/Unreal/WaveProject/Content/WaveGame/WaveCharacter/BP_WaveController.uasset" 485
"C:/Projects/Unreal/WaveProject/Content/WaveGame/WaveCharacter/BP_WaveController.uexp" 486
"../../../Engine/Content/Functions/Engine_MaterialFunctions01/Opacity/CameraDepthFade.uasset" 487
"../../../Engine/Content/Functions/Engine_MaterialFunctions01/Opacity/CameraDepthFade.uexp" 488
"../../../Engine/Content/EngineMaterials/T_Default_Material_Grid_M.ubulk" 489
"../../../Engine/Content/EngineMaterials/T_Default_Material_Grid_M.uasset" 490
"../../../Engine/Content/EngineMaterials/T_Default_Material_Grid_M.uexp" 491
"../../../Engine/Content/EngineMaterials/T_Default_Material_Grid_N.ubulk" 492
"../../../Engine/Content/EngineMaterials/T_Default_Material_Grid_N.uasset" 493
"../../../Engine/Content/EngineMaterials/T_Default_Material_Grid_N.uexp" 494
"../../../Engine/Content/EngineMaterials/WorldGridMaterial.uasset" 495
"../../../Engine/Content/EngineMaterials/WorldGridMaterial.uexp" 496
"C:/Projects/Unreal/WaveProject/Content/WaveGame/Temp/SM_Bolt.ubulk" 497
"C:/Projects/Unreal/WaveProject/Content/WaveGame/Temp/SM_Bolt.uasset" 498
"C:/Projects/Unreal/WaveProject/Content/WaveGame/Temp/SM_Bolt.uexp" 499
"C:/Projects/Unreal/WaveProject/Content/WaveGame/WaveCharacter/Projectile/M_GlowingTrail.uasset" 500
"C:/Projects/Unreal/WaveProject/Content/WaveGame/WaveCharacter/Projectile/M_GlowingTrail.uexp" 501
"C:/Projects/Unreal/WaveProject/Content/WaveGame/WaveCharacter/Projectile/NS_BoltTrail.uasset" 502
"C:/Projects/Unreal/WaveProject/Content/WaveGame/WaveCharacter/Projectile/NS_BoltTrail.uexp" 503
"C:/Projects/Unreal/WaveProject/Content/WaveGame/WaveCharacter/Projectile/BP_Projectile.uasset" 504
"C:/Projects/Unreal/WaveProject/Content/WaveGame/WaveCharacter/Projectile/BP_Projectile.uexp" 505
"C:/Projects/Unreal/WaveProject/Content/WaveGame/Sounds/Assets/sword_swoosh.ubulk" 506
"C:/Projects/Unreal/WaveProject/Content/WaveGame/Sounds/Assets/sword_swoosh.uasset" 507
"C:/Projects/Unreal/WaveProject/Content/WaveGame/Sounds/Assets/sword_swoosh.uexp" 508
"../../../Engine/Plugins/Animation/ControlRig/Content/Controls/DefaultGizmoLibraryNormalized.uasset" 509
"../../../Engine/Plugins/Animation/ControlRig/Content/Controls/DefaultGizmoLibraryNormalized.uexp" 510
"C:/Projects/Unreal/WaveProject/Content/Characters/Mannequins/Rigs/CR_Mannequin_FootIK.uasset" 511
"C:/Projects/Unreal/WaveProject/Content/Characters/Mannequins/Rigs/CR_Mannequin_FootIK.uexp" 512
"../../../Engine/Content/Animation/DefaultAnimCurveCompressionSettings.uasset" 513
"../../../Engine/Content/Animation/DefaultAnimCurveCompressionSettings.uexp" 514
"../../../Engine/Content/Animation/DefaultAnimBoneCompressionSettings.uasset" 515
"../../../Engine/Content/Animation/DefaultAnimBoneCompressionSettings.uexp" 516
"C:/Projects/Unreal/WaveProject/Content/Characters/Mannequins/Anims/Unarmed/MM_Idle.uasset" 517
"C:/Projects/Unreal/WaveProject/Content/Characters/Mannequins/Anims/Unarmed/MM_Idle.uexp" 518
"C:/Projects/Unreal/WaveProject/Content/Characters/Mannequins/Anims/Unarmed/Walk/MF_Unarmed_Walk_Right.uasset" 519
"C:/Projects/Unreal/WaveProject/Content/Characters/Mannequins/Anims/Unarmed/Walk/MF_Unarmed_Walk_Right.uexp" 520
"C:/Projects/Unreal/WaveProject/Content/Characters/Mannequins/Anims/Unarmed/Walk/MF_Unarmed_Walk_Left.uasset" 521
"C:/Projects/Unreal/WaveProject/Content/Characters/Mannequins/Anims/Unarmed/Walk/MF_Unarmed_Walk_Left.uexp" 522
"../../../Engine/Content/Animation/DefaultRecorderBoneCompression.uasset" 523
"../../../Engine/Content/Animation/DefaultRecorderBoneCompression.uexp" 524
"C:/Projects/Unreal/WaveProject/Content/Characters/Mannequins/Anims/Unarmed/Walk/MF_Unarmed_Walk_Fwd_Right.uasset" 525
"C:/Projects/Unreal/WaveProject/Content/Characters/Mannequins/Anims/Unarmed/Walk/MF_Unarmed_Walk_Fwd_Right.uexp" 526
"C:/Projects/Unreal/WaveProject/Content/Characters/Mannequins/Anims/Unarmed/Walk/MF_Unarmed_Walk_Fwd_Left.uasset" 527
"C:/Projects/Unreal/WaveProject/Content/Characters/Mannequins/Anims/Unarmed/Walk/MF_Unarmed_Walk_Fwd_Left.uexp" 528
"C:/Projects/Unreal/WaveProject/Content/Characters/Mannequins/Anims/Unarmed/Walk/MF_Unarmed_Walk_Fwd.uasset" 529
"C:/Projects/Unreal/WaveProject/Content/Characters/Mannequins/Anims/Unarmed/Walk/MF_Unarmed_Walk_Fwd.uexp" 530
"C:/Projects/Unreal/WaveProject/Content/Characters/Mannequins/Anims/Unarmed/Walk/MF_Unarmed_Walk_Bwd_Right.uasset" 531
"C:/Projects/Unreal/WaveProject/Content/Characters/Mannequins/Anims/Unarmed/Walk/MF_Unarmed_Walk_Bwd_Right.uexp" 532
"C:/Projects/Unreal/WaveProject/Content/Characters/Mannequins/Anims/Unarmed/Walk/MF_Unarmed_Walk_Bwd_Left.uasset" 533
"C:/Projects/Unreal/WaveProject/Content/Characters/Mannequins/Anims/Unarmed/Walk/MF_Unarmed_Walk_Bwd_Left.uexp" 534
"C:/Projects/Unreal/WaveProject/Content/Characters/Mannequins/Anims/Unarmed/Walk/MF_Unarmed_Walk_Bwd.uasset" 535
"C:/Projects/Unreal/WaveProject/Content/Characters/Mannequins/Anims/Unarmed/Walk/MF_Unarmed_Walk_Bwd.uexp" 536
"C:/Projects/Unreal/WaveProject/Content/Characters/Mannequins/Anims/Unarmed/Jog/MF_Unarmed_Jog_Right.uasset" 537
"C:/Projects/Unreal/WaveProject/Content/Characters/Mannequins/Anims/Unarmed/Jog/MF_Unarmed_Jog_Right.uexp" 538
"C:/Projects/Unreal/WaveProject/Content/Characters/Mannequins/Anims/Unarmed/Jog/MF_Unarmed_Jog_Left.uasset" 539
"C:/Projects/Unreal/WaveProject/Content/Characters/Mannequins/Anims/Unarmed/Jog/MF_Unarmed_Jog_Left.uexp" 540
"C:/Projects/Unreal/WaveProject/Content/Characters/Mannequins/Anims/Unarmed/Jog/MF_Unarmed_Jog_Fwd_Right.uasset" 541
"C:/Projects/Unreal/WaveProject/Content/Characters/Mannequins/Anims/Unarmed/Jog/MF_Unarmed_Jog_Fwd_Right.uexp" 542
"C:/Projects/Unreal/WaveProject/Content/Characters/Mannequins/Anims/Unarmed/Jog/MF_Unarmed_Jog_Fwd_Left.uasset" 543
"C:/Projects/Unreal/WaveProject/Content/Characters/Mannequins/Anims/Unarmed/Jog/MF_Unarmed_Jog_Fwd_Left.uexp" 544
"C:/Projects/Unreal/WaveProject/Content/Characters/Mannequins/Anims/Unarmed/Jog/MF_Unarmed_Jog_Fwd.uasset" 545
"C:/Projects/Unreal/WaveProject/Content/Characters/Mannequins/Anims/Unarmed/Jog/MF_Unarmed_Jog_Fwd.uexp" 546
"C:/Projects/Unreal/WaveProject/Content/Characters/Mannequins/Anims/Unarmed/Jog/MF_Unarmed_Jog_Bwd_Right.uasset" 547
"C:/Projects/Unreal/WaveProject/Content/Characters/Mannequins/Anims/Unarmed/Jog/MF_Unarmed_Jog_Bwd_Right.uexp" 548
"C:/Projects/Unreal/WaveProject/Content/Characters/Mannequins/Anims/Unarmed/Jog/MF_Unarmed_Jog_Bwd_Left.uasset" 549
"C:/Projects/Unreal/WaveProject/Content/Characters/Mannequins/Anims/Unarmed/Jog/MF_Unarmed_Jog_Bwd_Left.uexp" 550
"C:/Projects/Unreal/WaveProject/Content/Characters/Mannequins/Anims/Unarmed/Jog/MF_Unarmed_Jog_Bwd.uasset" 551
"C:/Projects/Unreal/WaveProject/Content/Characters/Mannequins/Anims/Unarmed/Jog/MF_Unarmed_Jog_Bwd.uexp" 552
"C:/Projects/Unreal/WaveProject/Content/Characters/Mannequins/Anims/Unarmed/BS_Idle_Walk_Run.uasset" 553
"C:/Projects/Unreal/WaveProject/Content/Characters/Mannequins/Anims/Unarmed/BS_Idle_Walk_Run.uexp" 554
"C:/Projects/Unreal/WaveProject/Content/Characters/Mannequins/Anims/Unarmed/Jump/MM_Land.uasset" 555
"C:/Projects/Unreal/WaveProject/Content/Characters/Mannequins/Anims/Unarmed/Jump/MM_Land.uexp" 556
"C:/Projects/Unreal/WaveProject/Content/Characters/Mannequins/Anims/Unarmed/Jump/MM_Jump.uasset" 557
"C:/Projects/Unreal/WaveProject/Content/Characters/Mannequins/Anims/Unarmed/Jump/MM_Jump.uexp" 558
"C:/Projects/Unreal/WaveProject/Content/Characters/Mannequins/Anims/Unarmed/Jump/MM_Fall_Loop.uasset" 559
"C:/Projects/Unreal/WaveProject/Content/Characters/Mannequins/Anims/Unarmed/Jump/MM_Fall_Loop.uexp" 560
"C:/Projects/Unreal/WaveProject/Content/Characters/Mannequins/Anims/Unarmed/ABP_Wave.uasset" 561
"C:/Projects/Unreal/WaveProject/Content/Characters/Mannequins/Anims/Unarmed/ABP_Wave.uexp" 562
"C:/Projects/Unreal/WaveProject/Content/WaveGame/WaveCharacter/CharacterAssets/Weapons/Sword/Sword_Skeleton.uasset" 563
"C:/Projects/Unreal/WaveProject/Content/WaveGame/WaveCharacter/CharacterAssets/Weapons/Sword/Sword_Skeleton.uexp" 564
"../../../Engine/Plugins/Interchange/Assets/Content/Functions/MF_PhongToMetalRoughness.uasset" 565
"../../../Engine/Plugins/Interchange/Assets/Content/Functions/MF_PhongToMetalRoughness.uexp" 566
"C:/Projects/Unreal/WaveProject/Content/WaveGame/WaveCharacter/CharacterAssets/Weapons/Sword/SwordTexture.ubulk" 567
"C:/Projects/Unreal/WaveProject/Content/WaveGame/WaveCharacter/CharacterAssets/Weapons/Sword/SwordTexture.uasset" 568
"C:/Projects/Unreal/WaveProject/Content/WaveGame/WaveCharacter/CharacterAssets/Weapons/Sword/SwordTexture.uexp" 569
"C:/Projects/Unreal/WaveProject/Content/WaveGame/WaveCharacter/CharacterAssets/Weapons/Sword/M_Sword.uasset" 570
"C:/Projects/Unreal/WaveProject/Content/WaveGame/WaveCharacter/CharacterAssets/Weapons/Sword/M_Sword.uexp" 571
"C:/Projects/Unreal/WaveProject/Content/WaveGame/WaveCharacter/CharacterAssets/Weapons/Sword/Sword.uasset" 572
"C:/Projects/Unreal/WaveProject/Content/WaveGame/WaveCharacter/CharacterAssets/Weapons/Sword/Sword.uexp" 573
"C:/Projects/Unreal/WaveProject/Content/WaveGame/WaveCharacter/CharacterAssets/Weapons/Crossbow/CrossbowTexture.ubulk" 574
"C:/Projects/Unreal/WaveProject/Content/WaveGame/WaveCharacter/CharacterAssets/Weapons/Crossbow/CrossbowTexture.uasset" 575
"C:/Projects/Unreal/WaveProject/Content/WaveGame/WaveCharacter/CharacterAssets/Weapons/Crossbow/CrossbowTexture.uexp" 576
"C:/Projects/Unreal/WaveProject/Content/WaveGame/WaveCharacter/CharacterAssets/Weapons/Crossbow/M_Crossbow.uasset" 577
"C:/Projects/Unreal/WaveProject/Content/WaveGame/WaveCharacter/CharacterAssets/Weapons/Crossbow/M_Crossbow.uexp" 578
"C:/Projects/Unreal/WaveProject/Content/WaveGame/WaveCharacter/CharacterAssets/Weapons/Crossbow/SM_CrossBow.ubulk" 579
"C:/Projects/Unreal/WaveProject/Content/WaveGame/WaveCharacter/CharacterAssets/Weapons/Crossbow/SM_CrossBow.uasset" 580
"C:/Projects/Unreal/WaveProject/Content/WaveGame/WaveCharacter/CharacterAssets/Weapons/Crossbow/SM_CrossBow.uexp" 581
"C:/Projects/Unreal/WaveProject/Content/WaveGame/Temp/shot-icon.uasset" 582
"C:/Projects/Unreal/WaveProject/Content/WaveGame/Temp/shot-icon.uexp" 583
"C:/Projects/Unreal/WaveProject/Content/WaveGame/WaveCharacter/CharacterAssets/Anims/MM_EquipCrossbow.uasset" 584
"C:/Projects/Unreal/WaveProject/Content/WaveGame/WaveCharacter/CharacterAssets/Anims/MM_EquipCrossbow.uexp" 585
"C:/Projects/Unreal/WaveProject/Content/WaveGame/WaveCharacter/CharacterAssets/Anims/Notifies/N_CrossbowEquiped.uasset" 586
"C:/Projects/Unreal/WaveProject/Content/WaveGame/WaveCharacter/CharacterAssets/Anims/Notifies/N_CrossbowEquiped.uexp" 587
"C:/Projects/Unreal/WaveProject/Content/WaveGame/WaveCharacter/CharacterAssets/Anims/AM_CrossBow.uasset" 588
"C:/Projects/Unreal/WaveProject/Content/WaveGame/WaveCharacter/CharacterAssets/Anims/AM_CrossBow.uexp" 589
"C:/Projects/Unreal/WaveProject/Content/WaveGame/WaveCharacter/CombatSystem/DA_CrossbowAbility.uasset" 590
"C:/Projects/Unreal/WaveProject/Content/WaveGame/WaveCharacter/CombatSystem/DA_CrossbowAbility.uexp" 591
"../../../Engine/Content/EngineMaterials/Good64x64TilingNoiseHighFreq.uasset" 592
"../../../Engine/Content/EngineMaterials/Good64x64TilingNoiseHighFreq.uexp" 593
"../../../Engine/Content/Functions/Engine_MaterialFunctions02/Texturing/ScreenAlignedPixelToPixelUVs.uasset" 594
"../../../Engine/Content/Functions/Engine_MaterialFunctions02/Texturing/ScreenAlignedPixelToPixelUVs.uexp" 595
"../../../Engine/Content/Functions/Engine_MaterialFunctions02/Utility/DitherTemporalAA.uasset" 596
"../../../Engine/Content/Functions/Engine_MaterialFunctions02/Utility/DitherTemporalAA.uexp" 597
"../../../Engine/Content/MapTemplates/TilingNoise05.ubulk" 598
"../../../Engine/Content/MapTemplates/TilingNoise05.uasset" 599
"../../../Engine/Content/MapTemplates/TilingNoise05.uexp" 600
"../../../Engine/Content/Functions/Engine_MaterialFunctions01/Gradient/LinearGradient.uasset" 601
"../../../Engine/Content/Functions/Engine_MaterialFunctions01/Gradient/LinearGradient.uexp" 602
"../../../Engine/Content/Functions/Engine_MaterialFunctions01/ImageAdjustment/CheapContrast.uasset" 603
"../../../Engine/Content/Functions/Engine_MaterialFunctions01/ImageAdjustment/CheapContrast.uexp" 604
"C:/Projects/Unreal/WaveProject/Content/WaveGame/WaveCharacter/CharacterAssets/Effects/M_SwordTrail.uasset" 605
"C:/Projects/Unreal/WaveProject/Content/WaveGame/WaveCharacter/CharacterAssets/Effects/M_SwordTrail.uexp" 606
"C:/Projects/Unreal/WaveProject/Content/WaveGame/WaveCharacter/CharacterAssets/Effects/MI_SwordTrail.uasset" 607
"C:/Projects/Unreal/WaveProject/Content/WaveGame/WaveCharacter/CharacterAssets/Effects/MI_SwordTrail.uexp" 608
"C:/Projects/Unreal/WaveProject/Content/WaveGame/WaveCharacter/CharacterAssets/Effects/NS_Sword.uasset" 609
"C:/Projects/Unreal/WaveProject/Content/WaveGame/WaveCharacter/CharacterAssets/Effects/NS_Sword.uexp" 610
"C:/Projects/Unreal/WaveProject/Content/Characters/Mannequins/Anims/Unarmed/Jump/MM_Dash.uasset" 611
"C:/Projects/Unreal/WaveProject/Content/Characters/Mannequins/Anims/Unarmed/Jump/MM_Dash.uexp" 612
"C:/Projects/Unreal/WaveProject/Content/WaveGame/WaveCharacter/CharacterAssets/Anims/AM_Dash.uasset" 613
"C:/Projects/Unreal/WaveProject/Content/WaveGame/WaveCharacter/CharacterAssets/Anims/AM_Dash.uexp" 614
"C:/Projects/Unreal/WaveProject/Content/WaveGame/Materials/Landscape/Grass/l-grass.uasset" 615
"C:/Projects/Unreal/WaveProject/Content/WaveGame/Materials/Landscape/Grass/l-grass.uexp" 616
"C:/Projects/Unreal/WaveProject/Content/WaveGame/Levels/Assets/M_Obsticles.uasset" 617
"C:/Projects/Unreal/WaveProject/Content/WaveGame/Levels/Assets/M_Obsticles.uexp" 618
"C:/Projects/Unreal/WaveProject/Content/WaveGame/Levels/Assets/wires.ubulk" 619
"C:/Projects/Unreal/WaveProject/Content/WaveGame/Levels/Assets/wires.uasset" 620
"C:/Projects/Unreal/WaveProject/Content/WaveGame/Levels/Assets/wires.uexp" 621
"C:/Projects/Unreal/WaveProject/Content/WaveGame/Levels/Blueprints/BP_Obsticle.uasset" 622
"C:/Projects/Unreal/WaveProject/Content/WaveGame/Levels/Blueprints/BP_Obsticle.uexp" 623
"C:/Projects/Unreal/WaveProject/Content/WaveGame/Levels/Assets/Texture.ubulk" 624
"C:/Projects/Unreal/WaveProject/Content/WaveGame/Levels/Assets/Texture.uasset" 625
"C:/Projects/Unreal/WaveProject/Content/WaveGame/Levels/Assets/Texture.uexp" 626
"C:/Projects/Unreal/WaveProject/Content/WaveGame/Levels/Assets/WoodStone.uasset" 627
"C:/Projects/Unreal/WaveProject/Content/WaveGame/Levels/Assets/WoodStone.uexp" 628
"C:/Projects/Unreal/WaveProject/Content/WaveGame/Levels/Assets/WoodDown.ubulk" 629
"C:/Projects/Unreal/WaveProject/Content/WaveGame/Levels/Assets/WoodDown.uasset" 630
"C:/Projects/Unreal/WaveProject/Content/WaveGame/Levels/Assets/WoodDown.uexp" 631
"C:/Projects/Unreal/WaveProject/Content/WaveGame/Levels/Assets/Wood2.ubulk" 632
"C:/Projects/Unreal/WaveProject/Content/WaveGame/Levels/Assets/Wood2.uasset" 633
"C:/Projects/Unreal/WaveProject/Content/WaveGame/Levels/Assets/Wood2.uexp" 634
"C:/Projects/Unreal/WaveProject/Content/WaveGame/Levels/Blueprints/BP_Obsticle2.uasset" 635
"C:/Projects/Unreal/WaveProject/Content/WaveGame/Levels/Blueprints/BP_Obsticle2.uexp" 636
"C:/Projects/Unreal/WaveProject/Content/WaveGame/Levels/Assets/Wood.ubulk" 637
"C:/Projects/Unreal/WaveProject/Content/WaveGame/Levels/Assets/Wood.uasset" 638
"C:/Projects/Unreal/WaveProject/Content/WaveGame/Levels/Assets/Wood.uexp" 639
"C:/Projects/Unreal/WaveProject/Content/WaveGame/Levels/Blueprints/BP_TreeBridge.uasset" 640
"C:/Projects/Unreal/WaveProject/Content/WaveGame/Levels/Blueprints/BP_TreeBridge.uexp" 641
"C:/Projects/Unreal/WaveProject/Content/WaveGame/WaveCharacter/BP_WaveCharacter.uasset" 642
"C:/Projects/Unreal/WaveProject/Content/WaveGame/WaveCharacter/BP_WaveCharacter.uexp" 643
"C:/Projects/Unreal/WaveProject/Content/WaveGame/WaveCharacter/BP_WaveGameMode.uasset" 644
"C:/Projects/Unreal/WaveProject/Content/WaveGame/WaveCharacter/BP_WaveGameMode.uexp" 645
"../../../Engine/Content/Functions/Engine_MaterialFunctions01/Shading/PowerToRoughness.uasset" 646
"../../../Engine/Content/Functions/Engine_MaterialFunctions01/Shading/PowerToRoughness.uexp" 647
"../../../Engine/Content/Functions/Engine_MaterialFunctions01/Shading/ConvertFromDiffSpec.uasset" 648
"../../../Engine/Content/Functions/Engine_MaterialFunctions01/Shading/ConvertFromDiffSpec.uexp" 649
"../../../Engine/Content/ArtTools/RenderToTexture/Meshes/S_1_Unit_Plane.ubulk" 650
"../../../Engine/Content/ArtTools/RenderToTexture/Meshes/S_1_Unit_Plane.uasset" 651
"../../../Engine/Content/ArtTools/RenderToTexture/Meshes/S_1_Unit_Plane.uexp" 652
"../../../Engine/Content/VREditor/TransformGizmo/TranslucentTransformGizmoMaterial.uasset" 653
"../../../Engine/Content/VREditor/TransformGizmo/TranslucentTransformGizmoMaterial.uexp" 654
"../../../Engine/Content/VREditor/LaserPointer/VR_LaserPower_01.ubulk" 655
"../../../Engine/Content/VREditor/LaserPointer/VR_LaserPower_01.uasset" 656
"../../../Engine/Content/VREditor/LaserPointer/VR_LaserPower_01.uexp" 657
"../../../Engine/Content/VREditor/TransformGizmo/TransformGizmoMaterial.uasset" 658
"../../../Engine/Content/VREditor/TransformGizmo/TransformGizmoMaterial.uexp" 659
"../../../Engine/Content/VREditor/TransformGizmo/BoundingBoxCorner.ubulk" 660
"../../../Engine/Content/VREditor/TransformGizmo/BoundingBoxCorner.uasset" 661
"../../../Engine/Content/VREditor/TransformGizmo/BoundingBoxCorner.uexp" 662
"../../../Engine/Content/VREditor/TransformGizmo/BoundingBoxEdge.ubulk" 663
"../../../Engine/Content/VREditor/TransformGizmo/BoundingBoxEdge.uasset" 664
"../../../Engine/Content/VREditor/TransformGizmo/BoundingBoxEdge.uexp" 665
"../../../Engine/Content/VREditor/TransformGizmo/Xray.uasset" 666
"../../../Engine/Content/VREditor/TransformGizmo/Xray.uexp" 667
"../../../Engine/Content/VREditor/TransformGizmo/Main.uasset" 668
"../../../Engine/Content/VREditor/TransformGizmo/Main.uexp" 669
"../../../Engine/Content/VREditor/TransformGizmo/SM_Sequencer_Node.ubulk" 670
"../../../Engine/Content/VREditor/TransformGizmo/SM_Sequencer_Node.uasset" 671
"../../../Engine/Content/VREditor/TransformGizmo/SM_Sequencer_Node.uexp" 672
"../../../Engine/Content/EditorMaterials/Camera/CineMat.uasset" 673
"../../../Engine/Content/EditorMaterials/Camera/CineMat.uexp" 674
"../../../Engine/Content/EditorMaterials/Camera/MI_CineMat_Rig.uasset" 675
"../../../Engine/Content/EditorMaterials/Camera/MI_CineMat_Rig.uexp" 676
"../../../Engine/Content/EditorMeshes/Camera/SM_CraneRig_Arm.ubulk" 677
"../../../Engine/Content/EditorMeshes/Camera/SM_CraneRig_Arm.uasset" 678
"../../../Engine/Content/EditorMeshes/Camera/SM_CraneRig_Arm.uexp" 679
"../../../Engine/Content/EditorMeshes/Camera/SM_CraneRig_Base.ubulk" 680
"../../../Engine/Content/EditorMeshes/Camera/SM_CraneRig_Base.uasset" 681
"../../../Engine/Content/EditorMeshes/Camera/SM_CraneRig_Base.uexp" 682
"../../../Engine/Content/EditorMeshes/Camera/SM_CraneRig_Body.ubulk" 683
"../../../Engine/Content/EditorMeshes/Camera/SM_CraneRig_Body.uasset" 684
"../../../Engine/Content/EditorMeshes/Camera/SM_CraneRig_Body.uexp" 685
"../../../Engine/Content/EditorMeshes/Camera/SM_CraneRig_Mount.ubulk" 686
"../../../Engine/Content/EditorMeshes/Camera/SM_CraneRig_Mount.uasset" 687
"../../../Engine/Content/EditorMeshes/Camera/SM_CraneRig_Mount.uexp" 688
"../../../Engine/Content/EditorMeshes/Camera/SM_RailRig_Mount.ubulk" 689
"../../../Engine/Content/EditorMeshes/Camera/SM_RailRig_Mount.uasset" 690
"../../../Engine/Content/EditorMeshes/Camera/SM_RailRig_Mount.uexp" 691
"../../../Engine/Content/EditorMeshes/Camera/SM_RailRig_Track.ubulk" 692
"../../../Engine/Content/EditorMeshes/Camera/SM_RailRig_Track.uasset" 693
"../../../Engine/Content/EditorMeshes/Camera/SM_RailRig_Track.uexp" 694
"../../../Engine/Content/EngineMeshes/Sphere.ubulk" 695
"../../../Engine/Content/EngineMeshes/Sphere.uasset" 696
"../../../Engine/Content/EngineMeshes/Sphere.uexp" 697
"../../../Engine/Plugins/Animation/ControlRig/Content/Controls/ControlRig_Arrow2_1mm.ubulk" 698
"../../../Engine/Plugins/Animation/ControlRig/Content/Controls/ControlRig_Arrow2_1mm.uasset" 699
"../../../Engine/Plugins/Animation/ControlRig/Content/Controls/ControlRig_Arrow2_1mm.uexp" 700
"../../../Engine/Plugins/Animation/ControlRig/Content/Controls/ControlRig_Arrow2_3mm.ubulk" 701
"../../../Engine/Plugins/Animation/ControlRig/Content/Controls/ControlRig_Arrow2_3mm.uasset" 702
"../../../Engine/Plugins/Animation/ControlRig/Content/Controls/ControlRig_Arrow2_3mm.uexp" 703
"../../../Engine/Plugins/Animation/ControlRig/Content/Controls/ControlRig_Arrow2_solid.ubulk" 704
"../../../Engine/Plugins/Animation/ControlRig/Content/Controls/ControlRig_Arrow2_solid.uasset" 705
"../../../Engine/Plugins/Animation/ControlRig/Content/Controls/ControlRig_Arrow2_solid.uexp" 706
"../../../Engine/Plugins/Animation/ControlRig/Content/Controls/ControlRig_Arrow4_1mm.ubulk" 707
"../../../Engine/Plugins/Animation/ControlRig/Content/Controls/ControlRig_Arrow4_1mm.uasset" 708
"../../../Engine/Plugins/Animation/ControlRig/Content/Controls/ControlRig_Arrow4_1mm.uexp" 709
"../../../Engine/Plugins/Animation/ControlRig/Content/Controls/ControlRig_Arrow4_3mm.ubulk" 710
"../../../Engine/Plugins/Animation/ControlRig/Content/Controls/ControlRig_Arrow4_3mm.uasset" 711
"../../../Engine/Plugins/Animation/ControlRig/Content/Controls/ControlRig_Arrow4_3mm.uexp" 712
"../../../Engine/Plugins/Animation/ControlRig/Content/Controls/ControlRig_Arrow4_solid.ubulk" 713
"../../../Engine/Plugins/Animation/ControlRig/Content/Controls/ControlRig_Arrow4_solid.uasset" 714
"../../../Engine/Plugins/Animation/ControlRig/Content/Controls/ControlRig_Arrow4_solid.uexp" 715
"../../../Engine/Plugins/Animation/ControlRig/Content/Controls/ControlRig_Arrow_1mm.ubulk" 716
"../../../Engine/Plugins/Animation/ControlRig/Content/Controls/ControlRig_Arrow_1mm.uasset" 717
"../../../Engine/Plugins/Animation/ControlRig/Content/Controls/ControlRig_Arrow_1mm.uexp" 718
"../../../Engine/Plugins/Animation/ControlRig/Content/Controls/ControlRig_Arrow_3mm.ubulk" 719
"../../../Engine/Plugins/Animation/ControlRig/Content/Controls/ControlRig_Arrow_3mm.uasset" 720
"../../../Engine/Plugins/Animation/ControlRig/Content/Controls/ControlRig_Arrow_3mm.uexp" 721
"../../../Engine/Plugins/Animation/ControlRig/Content/Controls/ControlRig_Arrow_solid.ubulk" 722
"../../../Engine/Plugins/Animation/ControlRig/Content/Controls/ControlRig_Arrow_solid.uasset" 723
"../../../Engine/Plugins/Animation/ControlRig/Content/Controls/ControlRig_Arrow_solid.uexp" 724
"../../../Engine/Plugins/Animation/ControlRig/Content/Controls/ControlRig_Box_1mm.ubulk" 725
"../../../Engine/Plugins/Animation/ControlRig/Content/Controls/ControlRig_Box_1mm.uasset" 726
"../../../Engine/Plugins/Animation/ControlRig/Content/Controls/ControlRig_Box_1mm.uexp" 727
"../../../Engine/Plugins/Animation/ControlRig/Content/Controls/ControlRig_Box_3mm.ubulk" 728
"../../../Engine/Plugins/Animation/ControlRig/Content/Controls/ControlRig_Box_3mm.uasset" 729
"../../../Engine/Plugins/Animation/ControlRig/Content/Controls/ControlRig_Box_3mm.uexp" 730
"../../../Engine/Plugins/Animation/ControlRig/Content/Controls/ControlRig_Box_solid.ubulk" 731
"../../../Engine/Plugins/Animation/ControlRig/Content/Controls/ControlRig_Box_solid.uasset" 732
"../../../Engine/Plugins/Animation/ControlRig/Content/Controls/ControlRig_Box_solid.uexp" 733
"../../../Engine/Plugins/Animation/ControlRig/Content/Controls/ControlRig_Circle_1mm.ubulk" 734
"../../../Engine/Plugins/Animation/ControlRig/Content/Controls/ControlRig_Circle_1mm.uasset" 735
"../../../Engine/Plugins/Animation/ControlRig/Content/Controls/ControlRig_Circle_1mm.uexp" 736
"../../../Engine/Plugins/Animation/ControlRig/Content/Controls/ControlRig_Circle_3mm.ubulk" 737
"../../../Engine/Plugins/Animation/ControlRig/Content/Controls/ControlRig_Circle_3mm.uasset" 738
"../../../Engine/Plugins/Animation/ControlRig/Content/Controls/ControlRig_Circle_3mm.uexp" 739
"../../../Engine/Plugins/Animation/ControlRig/Content/Controls/ControlRig_Circle_solid.ubulk" 740
"../../../Engine/Plugins/Animation/ControlRig/Content/Controls/ControlRig_Circle_solid.uasset" 741
"../../../Engine/Plugins/Animation/ControlRig/Content/Controls/ControlRig_Circle_solid.uexp" 742
"../../../Engine/Plugins/Animation/ControlRig/Content/Controls/ControlRig_Diamond_1mm.ubulk" 743
"../../../Engine/Plugins/Animation/ControlRig/Content/Controls/ControlRig_Diamond_1mm.uasset" 744
"../../../Engine/Plugins/Animation/ControlRig/Content/Controls/ControlRig_Diamond_1mm.uexp" 745
"../../../Engine/Plugins/Animation/ControlRig/Content/Controls/ControlRig_Diamond_3mm.ubulk" 746
"../../../Engine/Plugins/Animation/ControlRig/Content/Controls/ControlRig_Diamond_3mm.uasset" 747
"../../../Engine/Plugins/Animation/ControlRig/Content/Controls/ControlRig_Diamond_3mm.uexp" 748
"../../../Engine/Plugins/Animation/ControlRig/Content/Controls/ControlRig_Diamond_solid.ubulk" 749
"../../../Engine/Plugins/Animation/ControlRig/Content/Controls/ControlRig_Diamond_solid.uasset" 750
"../../../Engine/Plugins/Animation/ControlRig/Content/Controls/ControlRig_Diamond_solid.uexp" 751
"../../../Engine/Plugins/Animation/ControlRig/Content/Controls/ControlRig_HalfCircle_1mm.ubulk" 752
"../../../Engine/Plugins/Animation/ControlRig/Content/Controls/ControlRig_HalfCircle_1mm.uasset" 753
"../../../Engine/Plugins/Animation/ControlRig/Content/Controls/ControlRig_HalfCircle_1mm.uexp" 754
"../../../Engine/Plugins/Animation/ControlRig/Content/Controls/ControlRig_HalfCircle_3mm.ubulk" 755
"../../../Engine/Plugins/Animation/ControlRig/Content/Controls/ControlRig_HalfCircle_3mm.uasset" 756
"../../../Engine/Plugins/Animation/ControlRig/Content/Controls/ControlRig_HalfCircle_3mm.uexp" 757
"../../../Engine/Plugins/Animation/ControlRig/Content/Controls/ControlRig_HalfCircle_solid.ubulk" 758
"../../../Engine/Plugins/Animation/ControlRig/Content/Controls/ControlRig_HalfCircle_solid.uasset" 759
"../../../Engine/Plugins/Animation/ControlRig/Content/Controls/ControlRig_HalfCircle_solid.uexp" 760
"../../../Engine/Plugins/Animation/ControlRig/Content/Controls/ControlRig_Hexagon_1mm.ubulk" 761
"../../../Engine/Plugins/Animation/ControlRig/Content/Controls/ControlRig_Hexagon_1mm.uasset" 762
"../../../Engine/Plugins/Animation/ControlRig/Content/Controls/ControlRig_Hexagon_1mm.uexp" 763
"../../../Engine/Plugins/Animation/ControlRig/Content/Controls/ControlRig_Hexagon_3mm.ubulk" 764
"../../../Engine/Plugins/Animation/ControlRig/Content/Controls/ControlRig_Hexagon_3mm.uasset" 765
"../../../Engine/Plugins/Animation/ControlRig/Content/Controls/ControlRig_Hexagon_3mm.uexp" 766
"../../../Engine/Plugins/Animation/ControlRig/Content/Controls/ControlRig_Hexagon_solid.ubulk" 767
"../../../Engine/Plugins/Animation/ControlRig/Content/Controls/ControlRig_Hexagon_solid.uasset" 768
"../../../Engine/Plugins/Animation/ControlRig/Content/Controls/ControlRig_Hexagon_solid.uexp" 769
"../../../Engine/Plugins/Animation/ControlRig/Content/Controls/ControlRig_Octagon_1mm.ubulk" 770
"../../../Engine/Plugins/Animation/ControlRig/Content/Controls/ControlRig_Octagon_1mm.uasset" 771
"../../../Engine/Plugins/Animation/ControlRig/Content/Controls/ControlRig_Octagon_1mm.uexp" 772
"../../../Engine/Plugins/Animation/ControlRig/Content/Controls/ControlRig_Octagon_3mm.ubulk" 773
"../../../Engine/Plugins/Animation/ControlRig/Content/Controls/ControlRig_Octagon_3mm.uasset" 774
"../../../Engine/Plugins/Animation/ControlRig/Content/Controls/ControlRig_Octagon_3mm.uexp" 775
"../../../Engine/Plugins/Animation/ControlRig/Content/Controls/ControlRig_Octagon_solid.ubulk" 776
"../../../Engine/Plugins/Animation/ControlRig/Content/Controls/ControlRig_Octagon_solid.uasset" 777
"../../../Engine/Plugins/Animation/ControlRig/Content/Controls/ControlRig_Octagon_solid.uexp" 778
"../../../Engine/Plugins/Animation/ControlRig/Content/Controls/ControlRig_Pyramid_1mm.ubulk" 779
"../../../Engine/Plugins/Animation/ControlRig/Content/Controls/ControlRig_Pyramid_1mm.uasset" 780
"../../../Engine/Plugins/Animation/ControlRig/Content/Controls/ControlRig_Pyramid_1mm.uexp" 781
"../../../Engine/Plugins/Animation/ControlRig/Content/Controls/ControlRig_Pyramid_3mm.ubulk" 782
"../../../Engine/Plugins/Animation/ControlRig/Content/Controls/ControlRig_Pyramid_3mm.uasset" 783
"../../../Engine/Plugins/Animation/ControlRig/Content/Controls/ControlRig_Pyramid_3mm.uexp" 784
"../../../Engine/Plugins/Animation/ControlRig/Content/Controls/ControlRig_Pyramid_solid.ubulk" 785
"../../../Engine/Plugins/Animation/ControlRig/Content/Controls/ControlRig_Pyramid_solid.uasset" 786
"../../../Engine/Plugins/Animation/ControlRig/Content/Controls/ControlRig_Pyramid_solid.uexp" 787
"../../../Engine/Plugins/Animation/ControlRig/Content/Controls/ControlRig_QuarterCircle_1mm.ubulk" 788
"../../../Engine/Plugins/Animation/ControlRig/Content/Controls/ControlRig_QuarterCircle_1mm.uasset" 789
"../../../Engine/Plugins/Animation/ControlRig/Content/Controls/ControlRig_QuarterCircle_1mm.uexp" 790
"../../../Engine/Plugins/Animation/ControlRig/Content/Controls/ControlRig_QuarterCircle_3mm.ubulk" 791
"../../../Engine/Plugins/Animation/ControlRig/Content/Controls/ControlRig_QuarterCircle_3mm.uasset" 792
"../../../Engine/Plugins/Animation/ControlRig/Content/Controls/ControlRig_QuarterCircle_3mm.uexp" 793
"../../../Engine/Plugins/Animation/ControlRig/Content/Controls/ControlRig_QuarterCircle_solid.ubulk" 794
"../../../Engine/Plugins/Animation/ControlRig/Content/Controls/ControlRig_QuarterCircle_solid.uasset" 795
"../../../Engine/Plugins/Animation/ControlRig/Content/Controls/ControlRig_QuarterCircle_solid.uexp" 796
"../../../Engine/Plugins/Animation/ControlRig/Content/Controls/ControlRig_RoundedSquare_1mm.ubulk" 797
"../../../Engine/Plugins/Animation/ControlRig/Content/Controls/ControlRig_RoundedSquare_1mm.uasset" 798
"../../../Engine/Plugins/Animation/ControlRig/Content/Controls/ControlRig_RoundedSquare_1mm.uexp" 799
"../../../Engine/Plugins/Animation/ControlRig/Content/Controls/ControlRig_RoundedSquare_3mm.ubulk" 800
"../../../Engine/Plugins/Animation/ControlRig/Content/Controls/ControlRig_RoundedSquare_3mm.uasset" 801
"../../../Engine/Plugins/Animation/ControlRig/Content/Controls/ControlRig_RoundedSquare_3mm.uexp" 802
"../../../Engine/Plugins/Animation/ControlRig/Content/Controls/ControlRig_RoundedSquare_solid.ubulk" 803
"../../../Engine/Plugins/Animation/ControlRig/Content/Controls/ControlRig_RoundedSquare_solid.uasset" 804
"../../../Engine/Plugins/Animation/ControlRig/Content/Controls/ControlRig_RoundedSquare_solid.uexp" 805
"../../../Engine/Plugins/Animation/ControlRig/Content/Controls/ControlRig_RoundedTriangle_1mm.ubulk" 806
"../../../Engine/Plugins/Animation/ControlRig/Content/Controls/ControlRig_RoundedTriangle_1mm.uasset" 807
"../../../Engine/Plugins/Animation/ControlRig/Content/Controls/ControlRig_RoundedTriangle_1mm.uexp" 808
"../../../Engine/Plugins/Animation/ControlRig/Content/Controls/ControlRig_RoundedTriangle_3mm.ubulk" 809
"../../../Engine/Plugins/Animation/ControlRig/Content/Controls/ControlRig_RoundedTriangle_3mm.uasset" 810
"../../../Engine/Plugins/Animation/ControlRig/Content/Controls/ControlRig_RoundedTriangle_3mm.uexp" 811
"../../../Engine/Plugins/Animation/ControlRig/Content/Controls/ControlRig_RoundedTriangle_solid.ubulk" 812
"../../../Engine/Plugins/Animation/ControlRig/Content/Controls/ControlRig_RoundedTriangle_solid.uasset" 813
"../../../Engine/Plugins/Animation/ControlRig/Content/Controls/ControlRig_RoundedTriangle_solid.uexp" 814
"../../../Engine/Plugins/Animation/ControlRig/Content/Controls/ControlRig_Sphere_1mm.ubulk" 815
"../../../Engine/Plugins/Animation/ControlRig/Content/Controls/ControlRig_Sphere_1mm.uasset" 816
"../../../Engine/Plugins/Animation/ControlRig/Content/Controls/ControlRig_Sphere_1mm.uexp" 817
"../../../Engine/Plugins/Animation/ControlRig/Content/Controls/ControlRig_Sphere_3mm.ubulk" 818
"../../../Engine/Plugins/Animation/ControlRig/Content/Controls/ControlRig_Sphere_3mm.uasset" 819
"../../../Engine/Plugins/Animation/ControlRig/Content/Controls/ControlRig_Sphere_3mm.uexp" 820
"../../../Engine/Plugins/Animation/ControlRig/Content/Controls/ControlRig_Sphere_solid.ubulk" 821
"../../../Engine/Plugins/Animation/ControlRig/Content/Controls/ControlRig_Sphere_solid.uasset" 822
"../../../Engine/Plugins/Animation/ControlRig/Content/Controls/ControlRig_Sphere_solid.uexp" 823
"../../../Engine/Plugins/Animation/ControlRig/Content/Controls/ControlRig_Square_1mm.ubulk" 824
"../../../Engine/Plugins/Animation/ControlRig/Content/Controls/ControlRig_Square_1mm.uasset" 825
"../../../Engine/Plugins/Animation/ControlRig/Content/Controls/ControlRig_Square_1mm.uexp" 826
"../../../Engine/Plugins/Animation/ControlRig/Content/Controls/ControlRig_Square_3mm.ubulk" 827
"../../../Engine/Plugins/Animation/ControlRig/Content/Controls/ControlRig_Square_3mm.uasset" 828
"../../../Engine/Plugins/Animation/ControlRig/Content/Controls/ControlRig_Square_3mm.uexp" 829
"../../../Engine/Plugins/Animation/ControlRig/Content/Controls/ControlRig_Square_solid.ubulk" 830
"../../../Engine/Plugins/Animation/ControlRig/Content/Controls/ControlRig_Square_solid.uasset" 831
"../../../Engine/Plugins/Animation/ControlRig/Content/Controls/ControlRig_Square_solid.uexp" 832
"../../../Engine/Plugins/Animation/ControlRig/Content/Controls/ControlRig_Star4_1mm.ubulk" 833
"../../../Engine/Plugins/Animation/ControlRig/Content/Controls/ControlRig_Star4_1mm.uasset" 834
"../../../Engine/Plugins/Animation/ControlRig/Content/Controls/ControlRig_Star4_1mm.uexp" 835
"../../../Engine/Plugins/Animation/ControlRig/Content/Controls/ControlRig_Star4_3mm.ubulk" 836
"../../../Engine/Plugins/Animation/ControlRig/Content/Controls/ControlRig_Star4_3mm.uasset" 837
"../../../Engine/Plugins/Animation/ControlRig/Content/Controls/ControlRig_Star4_3mm.uexp" 838
"../../../Engine/Plugins/Animation/ControlRig/Content/Controls/ControlRig_Star4_solid.ubulk" 839
"../../../Engine/Plugins/Animation/ControlRig/Content/Controls/ControlRig_Star4_solid.uasset" 840
"../../../Engine/Plugins/Animation/ControlRig/Content/Controls/ControlRig_Star4_solid.uexp" 841
"../../../Engine/Plugins/Animation/ControlRig/Content/Controls/ControlRig_Triangle_1mm.ubulk" 842
"../../../Engine/Plugins/Animation/ControlRig/Content/Controls/ControlRig_Triangle_1mm.uasset" 843
"../../../Engine/Plugins/Animation/ControlRig/Content/Controls/ControlRig_Triangle_1mm.uexp" 844
"../../../Engine/Plugins/Animation/ControlRig/Content/Controls/ControlRig_Triangle_3mm.ubulk" 845
"../../../Engine/Plugins/Animation/ControlRig/Content/Controls/ControlRig_Triangle_3mm.uasset" 846
"../../../Engine/Plugins/Animation/ControlRig/Content/Controls/ControlRig_Triangle_3mm.uexp" 847
"../../../Engine/Plugins/Animation/ControlRig/Content/Controls/ControlRig_Triangle_solid.ubulk" 848
"../../../Engine/Plugins/Animation/ControlRig/Content/Controls/ControlRig_Triangle_solid.uasset" 849
"../../../Engine/Plugins/Animation/ControlRig/Content/Controls/ControlRig_Triangle_solid.uexp" 850
"../../../Engine/Plugins/Animation/ControlRig/Content/Controls/ControlRig_Wedge_1mm.ubulk" 851
"../../../Engine/Plugins/Animation/ControlRig/Content/Controls/ControlRig_Wedge_1mm.uasset" 852
"../../../Engine/Plugins/Animation/ControlRig/Content/Controls/ControlRig_Wedge_1mm.uexp" 853
"../../../Engine/Plugins/Animation/ControlRig/Content/Controls/ControlRig_Wedge_3mm.ubulk" 854
"../../../Engine/Plugins/Animation/ControlRig/Content/Controls/ControlRig_Wedge_3mm.uasset" 855
"../../../Engine/Plugins/Animation/ControlRig/Content/Controls/ControlRig_Wedge_3mm.uexp" 856
"../../../Engine/Plugins/Animation/ControlRig/Content/Controls/ControlRig_Wedge_solid.ubulk" 857
"../../../Engine/Plugins/Animation/ControlRig/Content/Controls/ControlRig_Wedge_solid.uasset" 858
"../../../Engine/Plugins/Animation/ControlRig/Content/Controls/ControlRig_Wedge_solid.uexp" 859
"../../../Engine/Content/EditorLandscapeResources/SplineEditorMeshMat.uasset" 860
"../../../Engine/Content/EditorLandscapeResources/SplineEditorMeshMat.uexp" 861
"../../../Engine/Content/EditorLandscapeResources/SplineEditorMesh.ubulk" 862
"../../../Engine/Content/EditorLandscapeResources/SplineEditorMesh.uasset" 863
"../../../Engine/Content/EditorLandscapeResources/SplineEditorMesh.uexp" 864
"../../../Engine/Content/EngineMaterials/DefaultMaterial.uasset" 865
"../../../Engine/Content/EngineMaterials/DefaultMaterial.uexp" 866
"../../../Engine/Content/BasicShapes/Cone.ubulk" 867
"../../../Engine/Content/BasicShapes/Cone.uasset" 868
"../../../Engine/Content/BasicShapes/Cone.uexp" 869
"../../../Engine/Content/BasicShapes/Cube.ubulk" 870
"../../../Engine/Content/BasicShapes/Cube.uasset" 871
"../../../Engine/Content/BasicShapes/Cube.uexp" 872
"../../../Engine/Content/BasicShapes/Cylinder.ubulk" 873
"../../../Engine/Content/BasicShapes/Cylinder.uasset" 874
"../../../Engine/Content/BasicShapes/Cylinder.uexp" 875
"../../../Engine/Content/BasicShapes/Plane.ubulk" 876
"../../../Engine/Content/BasicShapes/Plane.uasset" 877
"../../../Engine/Content/BasicShapes/Plane.uexp" 878
"../../../Engine/Content/BasicShapes/Sphere.ubulk" 879
"../../../Engine/Content/BasicShapes/Sphere.uasset" 880
"../../../Engine/Content/BasicShapes/Sphere.uexp" 881
"../../../Engine/Plugins/Media/MediaPlate/Content/SM_MediaPlateScreen.ubulk" 882
"../../../Engine/Plugins/Media/MediaPlate/Content/SM_MediaPlateScreen.uasset" 883
"../../../Engine/Plugins/Media/MediaPlate/Content/SM_MediaPlateScreen.uexp" 884
"../../../Engine/Content/EngineMaterials/Substrate/Glints2/AGlintTex2dArray2.uasset" 885
"../../../Engine/Content/EngineMaterials/Substrate/Glints2/AGlintTex2dArray2.uexp" 886
"../../../Engine/Content/EngineMaterials/Substrate/GLints/AGlintTex2dArray.uasset" 887
"../../../Engine/Content/EngineMaterials/Substrate/GLints/AGlintTex2dArray.uexp" 888
"../../../Engine/Content/EngineResources/DefaultTextureCube.uasset" 889
"../../../Engine/Content/EngineResources/DefaultTextureCube.uexp" 890
"C:/Projects/Unreal/WaveProject/Content/WaveGame/Assets2D/Materials/M_CustomUnlitSprite.uasset" 891
"C:/Projects/Unreal/WaveProject/Content/WaveGame/Assets2D/Materials/M_CustomUnlitSprite.uexp" 892
"../../../Engine/Plugins/2D/Paper2D/Content/OpaqueUnlitSpriteMaterial.uasset" 893
"../../../Engine/Plugins/2D/Paper2D/Content/OpaqueUnlitSpriteMaterial.uexp" 894
"../../../Engine/Plugins/2D/Paper2D/Content/MaskedUnlitSpriteMaterial.uasset" 895
"../../../Engine/Plugins/2D/Paper2D/Content/MaskedUnlitSpriteMaterial.uexp" 896
"../../../Engine/Plugins/NNE/NNEDenoiser/Content/NNE_oidn2-3-0_rt_hdr_calb_cnrm_large__dyn__fp16_opset11_ForwardAlpha.uasset" 897
"../../../Engine/Plugins/NNE/NNEDenoiser/Content/NNE_oidn2-3-0_rt_hdr_calb_cnrm_large__dyn__fp16_opset11_ForwardAlpha.uexp" 898
"../../../Engine/Plugins/NNE/NNEDenoiser/Content/NNE_oidn2-3-0_rt_hdr_calb_cnrm_large__dyn__fp16_opset11_DenoiseAlpha.uasset" 899
"../../../Engine/Plugins/NNE/NNEDenoiser/Content/NNE_oidn2-3-0_rt_hdr_calb_cnrm_large__dyn__fp16_opset11_DenoiseAlpha.uexp" 900
"../../../Engine/Plugins/NNE/NNEDenoiser/Content/NNE_oidn2-3-0_rt_hdr_alb_nrm__dyn__fp16_opset11_ForwardAlpha.uasset" 901
"../../../Engine/Plugins/NNE/NNEDenoiser/Content/NNE_oidn2-3-0_rt_hdr_alb_nrm__dyn__fp16_opset11_ForwardAlpha.uexp" 902
"../../../Engine/Plugins/NNE/NNEDenoiser/Content/NNE_oidn2-3-0_rt_hdr_alb_nrm__dyn__fp16_opset11_DenoiseAlpha.uasset" 903
"../../../Engine/Plugins/NNE/NNEDenoiser/Content/NNE_oidn2-3-0_rt_hdr_alb_nrm__dyn__fp16_opset11_DenoiseAlpha.uexp" 904
"../../../Engine/Plugins/NNE/NNEDenoiser/Content/NNE_oidn2-3-0_rt_hdr_alb_nrm_small__dyn__fp16_opset11_ForwardAlpha.uasset" 905
"../../../Engine/Plugins/NNE/NNEDenoiser/Content/NNE_oidn2-3-0_rt_hdr_alb_nrm_small__dyn__fp16_opset11_ForwardAlpha.uexp" 906
"../../../Engine/Plugins/NNE/NNEDenoiser/Content/NNE_oidn2-3-0_rt_hdr_alb_nrm_small__dyn__fp16_opset11_DenoiseAlpha.uasset" 907
"../../../Engine/Plugins/NNE/NNEDenoiser/Content/NNE_oidn2-3-0_rt_hdr_alb_nrm_small__dyn__fp16_opset11_DenoiseAlpha.uexp" 908
"../../../Engine/Content/Functions/Engine_MaterialFunctions03/Math/WithinRangeFloat2.uasset" 909
"../../../Engine/Content/Functions/Engine_MaterialFunctions03/Math/WithinRangeFloat2.uexp" 910
"../../../Engine/Content/EditorLandscapeResources/SelectBrushMaterial.uasset" 911
"../../../Engine/Content/EditorLandscapeResources/SelectBrushMaterial.uexp" 912
"../../../Engine/Content/EditorLandscapeResources/SelectBrushMaterial_SelectedRegion.uasset" 913
"../../../Engine/Content/EditorLandscapeResources/SelectBrushMaterial_SelectedRegion.uexp" 914
"../../../Engine/Content/EditorLandscapeResources/SelectBrushMaterial_Selected.uasset" 915
"../../../Engine/Content/EditorLandscapeResources/SelectBrushMaterial_Selected.uexp" 916
"../../../Engine/Content/EditorLandscapeResources/MaskBrushMaterial.uasset" 917
"../../../Engine/Content/EditorLandscapeResources/MaskBrushMaterial.uexp" 918
"../../../Engine/Content/EditorLandscapeResources/MaskBrushMaterial_MaskedRegion.uasset" 919
"../../../Engine/Content/EditorLandscapeResources/MaskBrushMaterial_MaskedRegion.uexp" 920
"../../../Engine/Content/EditorLandscapeResources/ColorMaskBrushMaterial.uasset" 921
"../../../Engine/Content/EditorLandscapeResources/ColorMaskBrushMaterial.uexp" 922
"../../../Engine/Content/EditorLandscapeResources/ColorMaskBrushMaterial_MaskedRegion.uasset" 923
"../../../Engine/Content/EditorLandscapeResources/ColorMaskBrushMaterial_MaskedRegion.uexp" 924
"../../../Engine/Content/VREditor/Sounds/UI/Drop_Item_From_ContentBrowser.ubulk" 925
"../../../Engine/Content/VREditor/Sounds/UI/Drop_Item_From_ContentBrowser.uasset" 926
"../../../Engine/Content/VREditor/Sounds/UI/Drop_Item_From_ContentBrowser.uexp" 927
"../../../Engine/Content/VREditor/TransformGizmo/TransformGizmoMaterial_Inst.uasset" 928
"../../../Engine/Content/VREditor/TransformGizmo/TransformGizmoMaterial_Inst.uexp" 929
"../../../Engine/Content/VREditor/TransformGizmo/TranslucentTransformGizmoMaterial_Inst.uasset" 930
"../../../Engine/Content/VREditor/TransformGizmo/TranslucentTransformGizmoMaterial_Inst.uexp" 931
"../../../Engine/Content/Functions/Engine_MaterialFunctions02/Math/Transform3x3Matrix.uasset" 932
"../../../Engine/Content/Functions/Engine_MaterialFunctions02/Math/Transform3x3Matrix.uexp" 933
"../../../Engine/Content/Functions/Engine_MaterialFunctions02/SplitComponents.uasset" 934
"../../../Engine/Content/Functions/Engine_MaterialFunctions02/SplitComponents.uexp" 935
"../../../Engine/Content/VREditor/SnapGrid/SnapGridMaterial.uasset" 936
"../../../Engine/Content/VREditor/SnapGrid/SnapGridMaterial.uexp" 937
"../../../Engine/Content/VREditor/SnapGrid/SnapGridPlaneMesh.ubulk" 938
"../../../Engine/Content/VREditor/SnapGrid/SnapGridPlaneMesh.uasset" 939
"../../../Engine/Content/VREditor/SnapGrid/SnapGridPlaneMesh.uexp" 940
"../../../Engine/Content/VREditor/Sounds/UI/Gizmo_Handle_Clicked.ubulk" 941
"../../../Engine/Content/VREditor/Sounds/UI/Gizmo_Handle_Clicked.uasset" 942
"../../../Engine/Content/VREditor/Sounds/UI/Gizmo_Handle_Clicked.uexp" 943
"../../../Engine/Content/VREditor/Sounds/UI/Object_PickUp.ubulk" 944
"../../../Engine/Content/VREditor/Sounds/UI/Object_PickUp.uasset" 945
"../../../Engine/Content/VREditor/Sounds/UI/Object_PickUp.uexp" 946
"../../../Engine/Content/VREditor/Sounds/UI/Object_Snaps_To_Another_Actor.ubulk" 947
"../../../Engine/Content/VREditor/Sounds/UI/Object_Snaps_To_Another_Actor.uasset" 948
"../../../Engine/Content/VREditor/Sounds/UI/Object_Snaps_To_Another_Actor.uexp" 949
"../../../Engine/Content/VREditor/Sounds/UI/Object_Snaps_To_Grid.ubulk" 950
"../../../Engine/Content/VREditor/Sounds/UI/Object_Snaps_To_Grid.uasset" 951
"../../../Engine/Content/VREditor/Sounds/UI/Object_Snaps_To_Grid.uexp" 952
"../../../Engine/Content/VREditor/Sounds/UI/Scaling_Down.ubulk" 953
"../../../Engine/Content/VREditor/Sounds/UI/Scaling_Down.uasset" 954
"../../../Engine/Content/VREditor/Sounds/UI/Scaling_Down.uexp" 955
"../../../Engine/Content/VREditor/Sounds/UI/Scaling_Up.ubulk" 956
"../../../Engine/Content/VREditor/Sounds/UI/Scaling_Up.uasset" 957
"../../../Engine/Content/VREditor/Sounds/UI/Scaling_Up.uexp" 958
"../../../Engine/Content/VREditor/Sounds/UI/Selection_Changes.ubulk" 959
"../../../Engine/Content/VREditor/Sounds/UI/Selection_Changes.uasset" 960
"../../../Engine/Content/VREditor/Sounds/UI/Selection_Changes.uexp" 961
"../../../Engine/Content/VREditor/TransformGizmo/PlaneTranslationHandle.ubulk" 962
"../../../Engine/Content/VREditor/TransformGizmo/PlaneTranslationHandle.uasset" 963
"../../../Engine/Content/VREditor/TransformGizmo/PlaneTranslationHandle.uexp" 964
"../../../Engine/Content/VREditor/TransformGizmo/RotationHandleFull.ubulk" 965
"../../../Engine/Content/VREditor/TransformGizmo/RotationHandleFull.uasset" 966
"../../../Engine/Content/VREditor/TransformGizmo/RotationHandleFull.uexp" 967
"../../../Engine/Content/VREditor/TransformGizmo/RotationHandleIndicator.ubulk" 968
"../../../Engine/Content/VREditor/TransformGizmo/RotationHandleIndicator.uasset" 969
"../../../Engine/Content/VREditor/TransformGizmo/RotationHandleIndicator.uexp" 970
"../../../Engine/Content/VREditor/TransformGizmo/RotationHandleQuarter.ubulk" 971
"../../../Engine/Content/VREditor/TransformGizmo/RotationHandleQuarter.uasset" 972
"../../../Engine/Content/VREditor/TransformGizmo/RotationHandleQuarter.uexp" 973
"../../../Engine/Content/VREditor/TransformGizmo/StartRotationHandleIndicator.ubulk" 974
"../../../Engine/Content/VREditor/TransformGizmo/StartRotationHandleIndicator.uasset" 975
"../../../Engine/Content/VREditor/TransformGizmo/StartRotationHandleIndicator.uexp" 976
"../../../Engine/Content/VREditor/TransformGizmo/TransformGizmoFreeRotation.ubulk" 977
"../../../Engine/Content/VREditor/TransformGizmo/TransformGizmoFreeRotation.uasset" 978
"../../../Engine/Content/VREditor/TransformGizmo/TransformGizmoFreeRotation.uexp" 979
"../../../Engine/Content/VREditor/TransformGizmo/TranslateArrowHandle.ubulk" 980
"../../../Engine/Content/VREditor/TransformGizmo/TranslateArrowHandle.uasset" 981
"../../../Engine/Content/VREditor/TransformGizmo/TranslateArrowHandle.uexp" 982
"../../../Engine/Content/VREditor/TransformGizmo/UniformScaleHandle.ubulk" 983
"../../../Engine/Content/VREditor/TransformGizmo/UniformScaleHandle.uasset" 984
"../../../Engine/Content/VREditor/TransformGizmo/UniformScaleHandle.uexp" 985
"../../../Engine/Content/EngineResources/LandscapeVisibilityLayerInfo.uasset" 986
"../../../Engine/Content/EngineResources/LandscapeVisibilityLayerInfo.uexp" 987
"../../../Engine/Content/EngineResources/WhiteSquareTexture.uasset" 988
"../../../Engine/Content/EngineResources/WhiteSquareTexture.uexp" 989
"../../../Engine/Content/EngineMaterials/Widget3DPassThrough.uasset" 990
"../../../Engine/Content/EngineMaterials/Widget3DPassThrough.uexp" 991
"../../../Engine/Content/EngineMaterials/Widget3DPassThrough_Translucent.uasset" 992
"../../../Engine/Content/EngineMaterials/Widget3DPassThrough_Translucent.uexp" 993
"../../../Engine/Content/EngineMaterials/Widget3DPassThrough_Translucent_OneSided.uasset" 994
"../../../Engine/Content/EngineMaterials/Widget3DPassThrough_Translucent_OneSided.uexp" 995
"../../../Engine/Content/EngineMaterials/Widget3DPassThrough_Opaque.uasset" 996
"../../../Engine/Content/EngineMaterials/Widget3DPassThrough_Opaque.uexp" 997
"../../../Engine/Content/EngineMaterials/Widget3DPassThrough_Opaque_OneSided.uasset" 998
"../../../Engine/Content/EngineMaterials/Widget3DPassThrough_Opaque_OneSided.uexp" 999
"../../../Engine/Content/EngineMaterials/Widget3DPassThrough_Masked_OneSided.uasset" 1000
"../../../Engine/Content/EngineMaterials/Widget3DPassThrough_Masked_OneSided.uexp" 1001
"../../../Engine/Content/EngineMaterials/Widget3DPassThrough_Masked.uasset" 1002
"../../../Engine/Content/EngineMaterials/Widget3DPassThrough_Masked.uexp" 1003
"../../../Engine/Plugins/Interchange/Assets/Content/gltf/Textures/T_White_srgb.uasset" 1004
"../../../Engine/Plugins/Interchange/Assets/Content/gltf/Textures/T_White_srgb.uexp" 1005
"../../../Engine/Plugins/Interchange/Assets/Content/gltf/MaterialFunctions/MF_BaseColor.uasset" 1006
"../../../Engine/Plugins/Interchange/Assets/Content/gltf/MaterialFunctions/MF_BaseColor.uexp" 1007
"../../../Engine/Plugins/Interchange/Assets/Content/gltf/MaterialFunctions/MF_RotateV2.uasset" 1008
"../../../Engine/Plugins/Interchange/Assets/Content/gltf/MaterialFunctions/MF_RotateV2.uexp" 1009
"../../../Engine/Plugins/Interchange/Assets/Content/gltf/MaterialFunctions/MF_TransformUVs.uasset" 1010
"../../../Engine/Plugins/Interchange/Assets/Content/gltf/MaterialFunctions/MF_TransformUVs.uexp" 1011
"../../../Engine/Plugins/Interchange/Assets/Content/gltf/MaterialBodies/MF_Unlit_Body.uasset" 1012
"../../../Engine/Plugins/Interchange/Assets/Content/gltf/MaterialBodies/MF_Unlit_Body.uexp" 1013
"../../../Engine/Plugins/Interchange/Assets/Content/gltf/M_Unlit.uasset" 1014
"../../../Engine/Plugins/Interchange/Assets/Content/gltf/M_Unlit.uexp" 1015
"../../../Engine/Plugins/Interchange/Assets/Content/gltf/MaterialInstances/MI_Unlit_Opaque_DS.uasset" 1016
"../../../Engine/Plugins/Interchange/Assets/Content/gltf/MaterialInstances/MI_Unlit_Opaque_DS.uexp" 1017
"../../../Engine/Plugins/Interchange/Assets/Content/gltf/MaterialInstances/MI_Unlit_Opaque.uasset" 1018
"../../../Engine/Plugins/Interchange/Assets/Content/gltf/MaterialInstances/MI_Unlit_Opaque.uexp" 1019
"../../../Engine/Plugins/Interchange/Assets/Content/gltf/MaterialInstances/MI_Unlit_Mask_DS.uasset" 1020
"../../../Engine/Plugins/Interchange/Assets/Content/gltf/MaterialInstances/MI_Unlit_Mask_DS.uexp" 1021
"../../../Engine/Plugins/Interchange/Assets/Content/gltf/MaterialInstances/MI_Unlit_Mask.uasset" 1022
"../../../Engine/Plugins/Interchange/Assets/Content/gltf/MaterialInstances/MI_Unlit_Mask.uexp" 1023
"../../../Engine/Plugins/Interchange/Assets/Content/gltf/MaterialInstances/MI_Unlit_Blend_DS.uasset" 1024
"../../../Engine/Plugins/Interchange/Assets/Content/gltf/MaterialInstances/MI_Unlit_Blend_DS.uexp" 1025
"../../../Engine/Plugins/Interchange/Assets/Content/gltf/MaterialInstances/MI_Unlit_Blend.uasset" 1026
"../../../Engine/Plugins/Interchange/Assets/Content/gltf/MaterialInstances/MI_Unlit_Blend.uexp" 1027
"../../../Engine/Plugins/Interchange/Assets/Content/Utilities/New_LUT.uasset" 1028
"../../../Engine/Plugins/Interchange/Assets/Content/Utilities/New_LUT.uexp" 1029
"../../../Engine/Content/Functions/Engine_MaterialFunctions03/Math/RemapValueRange.uasset" 1030
"../../../Engine/Content/Functions/Engine_MaterialFunctions03/Math/RemapValueRange.uexp" 1031
"../../../Engine/Plugins/Interchange/Assets/Content/Functions/MF_Iridescence.uasset" 1032
"../../../Engine/Plugins/Interchange/Assets/Content/Functions/MF_Iridescence.uexp" 1033
"../../../Engine/Plugins/Interchange/Assets/Content/gltf/MaterialFunctions/MF_Fresnel_DS.uasset" 1034
"../../../Engine/Plugins/Interchange/Assets/Content/gltf/MaterialFunctions/MF_Fresnel_DS.uexp" 1035
"../../../Engine/Plugins/Interchange/Assets/Content/gltf/MaterialFunctions/MF_IOR.uasset" 1036
"../../../Engine/Plugins/Interchange/Assets/Content/gltf/MaterialFunctions/MF_IOR.uexp" 1037
"../../../Engine/Plugins/Interchange/Assets/Content/gltf/MaterialFunctions/MF_Iridescence.uasset" 1038
"../../../Engine/Plugins/Interchange/Assets/Content/gltf/MaterialFunctions/MF_Iridescence.uexp" 1039
"../../../Engine/Plugins/Interchange/Assets/Content/gltf/Textures/T_White_Linear.uasset" 1040
"../../../Engine/Plugins/Interchange/Assets/Content/gltf/Textures/T_White_Linear.uexp" 1041
"../../../Engine/Plugins/Interchange/Assets/Content/gltf/MaterialFunctions/MF_MetallicRoughness.uasset" 1042
"../../../Engine/Plugins/Interchange/Assets/Content/gltf/MaterialFunctions/MF_MetallicRoughness.uexp" 1043
"../../../Engine/Plugins/Interchange/Assets/Content/gltf/MaterialFunctions/MF_RotateNormals_TS.uasset" 1044
"../../../Engine/Plugins/Interchange/Assets/Content/gltf/MaterialFunctions/MF_RotateNormals_TS.uexp" 1045
"../../../Engine/Plugins/Interchange/Assets/Content/gltf/MaterialFunctions/MF_ScaleNormal.uasset" 1046
"../../../Engine/Plugins/Interchange/Assets/Content/gltf/MaterialFunctions/MF_ScaleNormal.uexp" 1047
"../../../Engine/Plugins/Interchange/Assets/Content/gltf/Textures/T_Generic_N.uasset" 1048
"../../../Engine/Plugins/Interchange/Assets/Content/gltf/Textures/T_Generic_N.uexp" 1049
"../../../Engine/Plugins/Interchange/Assets/Content/gltf/MaterialFunctions/MF_Normals.uasset" 1050
"../../../Engine/Plugins/Interchange/Assets/Content/gltf/MaterialFunctions/MF_Normals.uexp" 1051
"../../../Engine/Plugins/Interchange/Assets/Content/gltf/MaterialFunctions/MF_Occlusion.uasset" 1052
"../../../Engine/Plugins/Interchange/Assets/Content/gltf/MaterialFunctions/MF_Occlusion.uexp" 1053
"../../../Engine/Plugins/Interchange/Assets/Content/gltf/MaterialFunctions/MF_Specular.uasset" 1054
"../../../Engine/Plugins/Interchange/Assets/Content/gltf/MaterialFunctions/MF_Specular.uexp" 1055
"../../../Engine/Plugins/Interchange/Assets/Content/gltf/Textures/T_Anisotropy_Direction_Linear.uasset" 1056
"../../../Engine/Plugins/Interchange/Assets/Content/gltf/Textures/T_Anisotropy_Direction_Linear.uexp" 1057
"../../../Engine/Plugins/Interchange/Assets/Content/gltf/MaterialFunctions/MF_SpecularAnisotropy.uasset" 1058
"../../../Engine/Plugins/Interchange/Assets/Content/gltf/MaterialFunctions/MF_SpecularAnisotropy.uexp" 1059
"../../../Engine/Plugins/Interchange/Assets/Content/gltf/MaterialFunctions/MF_Temporal_Blur.uasset" 1060
"../../../Engine/Plugins/Interchange/Assets/Content/gltf/MaterialFunctions/MF_Temporal_Blur.uexp" 1061
"../../../Engine/Plugins/Interchange/Assets/Content/gltf/MaterialFunctions/MF_Transmission.uasset" 1062
"../../../Engine/Plugins/Interchange/Assets/Content/gltf/MaterialFunctions/MF_Transmission.uexp" 1063
"../../../Engine/Plugins/Interchange/Assets/Content/gltf/MaterialBodies/MF_Transmission_Body.uasset" 1064
"../../../Engine/Plugins/Interchange/Assets/Content/gltf/MaterialBodies/MF_Transmission_Body.uexp" 1065
"../../../Engine/Plugins/Interchange/Assets/Content/gltf/M_Transmission.uasset" 1066
"../../../Engine/Plugins/Interchange/Assets/Content/gltf/M_Transmission.uexp" 1067
"../../../Engine/Plugins/Interchange/Assets/Content/gltf/MaterialInstances/MI_Transmission_DS.uasset" 1068
"../../../Engine/Plugins/Interchange/Assets/Content/gltf/MaterialInstances/MI_Transmission_DS.uexp" 1069
"../../../Engine/Plugins/Interchange/Assets/Content/gltf/MaterialInstances/MI_Transmission.uasset" 1070
"../../../Engine/Plugins/Interchange/Assets/Content/gltf/MaterialInstances/MI_Transmission.uexp" 1071
"../../../Engine/Content/Functions/Engine_MaterialFunctions02/Math/AddComponents.uasset" 1072
"../../../Engine/Content/Functions/Engine_MaterialFunctions02/Math/AddComponents.uexp" 1073
"../../../Engine/Plugins/Interchange/Assets/Content/gltf/MaterialFunctions/MF_DiffuseSpecGloss.uasset" 1074
"../../../Engine/Plugins/Interchange/Assets/Content/gltf/MaterialFunctions/MF_DiffuseSpecGloss.uexp" 1075
"../../../Engine/Plugins/Interchange/Assets/Content/gltf/MaterialFunctions/MF_Emissive.uasset" 1076
"../../../Engine/Plugins/Interchange/Assets/Content/gltf/MaterialFunctions/MF_Emissive.uexp" 1077
"../../../Engine/Plugins/Interchange/Assets/Content/gltf/MaterialFunctions/MF_MaxComponentValue.uasset" 1078
"../../../Engine/Plugins/Interchange/Assets/Content/gltf/MaterialFunctions/MF_MaxComponentValue.uexp" 1079
"../../../Engine/Plugins/Interchange/Assets/Content/gltf/MaterialFunctions/MF_PerceivedBrightness.uasset" 1080
"../../../Engine/Plugins/Interchange/Assets/Content/gltf/MaterialFunctions/MF_PerceivedBrightness.uexp" 1081
"../../../Engine/Plugins/Interchange/Assets/Content/gltf/MaterialFunctions/MF_SpecGlossToMetalRoughness.uasset" 1082
"../../../Engine/Plugins/Interchange/Assets/Content/gltf/MaterialFunctions/MF_SpecGlossToMetalRoughness.uexp" 1083
"../../../Engine/Plugins/Interchange/Assets/Content/gltf/MaterialBodies/MF_SpecularGlossiness_Body.uasset" 1084
"../../../Engine/Plugins/Interchange/Assets/Content/gltf/MaterialBodies/MF_SpecularGlossiness_Body.uexp" 1085
"../../../Engine/Plugins/Interchange/Assets/Content/gltf/M_SpecularGlossiness.uasset" 1086
"../../../Engine/Plugins/Interchange/Assets/Content/gltf/M_SpecularGlossiness.uexp" 1087
"../../../Engine/Plugins/Interchange/Assets/Content/gltf/MaterialInstances/MI_SpecularGlossiness_Opaque_DS.uasset" 1088
"../../../Engine/Plugins/Interchange/Assets/Content/gltf/MaterialInstances/MI_SpecularGlossiness_Opaque_DS.uexp" 1089
"../../../Engine/Plugins/Interchange/Assets/Content/gltf/MaterialInstances/MI_SpecularGlossiness_Opaque.uasset" 1090
"../../../Engine/Plugins/Interchange/Assets/Content/gltf/MaterialInstances/MI_SpecularGlossiness_Opaque.uexp" 1091
"../../../Engine/Plugins/Interchange/Assets/Content/gltf/MaterialInstances/MI_SpecularGlossiness_Mask_DS.uasset" 1092
"../../../Engine/Plugins/Interchange/Assets/Content/gltf/MaterialInstances/MI_SpecularGlossiness_Mask_DS.uexp" 1093
"../../../Engine/Plugins/Interchange/Assets/Content/gltf/MaterialInstances/MI_SpecularGlossiness_Mask.uasset" 1094
"../../../Engine/Plugins/Interchange/Assets/Content/gltf/MaterialInstances/MI_SpecularGlossiness_Mask.uexp" 1095
"../../../Engine/Plugins/Interchange/Assets/Content/gltf/MaterialInstances/MI_SpecularGlossiness_Blend_DS.uasset" 1096
"../../../Engine/Plugins/Interchange/Assets/Content/gltf/MaterialInstances/MI_SpecularGlossiness_Blend_DS.uexp" 1097
"../../../Engine/Plugins/Interchange/Assets/Content/gltf/MaterialInstances/MI_SpecularGlossiness_Blend.uasset" 1098
"../../../Engine/Plugins/Interchange/Assets/Content/gltf/MaterialInstances/MI_SpecularGlossiness_Blend.uexp" 1099
"../../../Engine/Plugins/Interchange/Assets/Content/gltf/MaterialFunctions/MF_Sheen.uasset" 1100
"../../../Engine/Plugins/Interchange/Assets/Content/gltf/MaterialFunctions/MF_Sheen.uexp" 1101
"../../../Engine/Plugins/Interchange/Assets/Content/gltf/MaterialBodies/MF_Sheen_Body.uasset" 1102
"../../../Engine/Plugins/Interchange/Assets/Content/gltf/MaterialBodies/MF_Sheen_Body.uexp" 1103
"../../../Engine/Plugins/Interchange/Assets/Content/gltf/M_Sheen.uasset" 1104
"../../../Engine/Plugins/Interchange/Assets/Content/gltf/M_Sheen.uexp" 1105
"../../../Engine/Plugins/Interchange/Assets/Content/gltf/MaterialInstances/MI_Sheen_Opaque_DS.uasset" 1106
"../../../Engine/Plugins/Interchange/Assets/Content/gltf/MaterialInstances/MI_Sheen_Opaque_DS.uexp" 1107
"../../../Engine/Plugins/Interchange/Assets/Content/gltf/MaterialInstances/MI_Sheen_Opaque.uasset" 1108
"../../../Engine/Plugins/Interchange/Assets/Content/gltf/MaterialInstances/MI_Sheen_Opaque.uexp" 1109
"../../../Engine/Plugins/Interchange/Assets/Content/gltf/MaterialInstances/MI_Sheen_Mask_DS.uasset" 1110
"../../../Engine/Plugins/Interchange/Assets/Content/gltf/MaterialInstances/MI_Sheen_Mask_DS.uexp" 1111
"../../../Engine/Plugins/Interchange/Assets/Content/gltf/MaterialInstances/MI_Sheen_Mask.uasset" 1112
"../../../Engine/Plugins/Interchange/Assets/Content/gltf/MaterialInstances/MI_Sheen_Mask.uexp" 1113
"../../../Engine/Plugins/Interchange/Assets/Content/gltf/MaterialInstances/MI_Sheen_Blend_DS.uasset" 1114
"../../../Engine/Plugins/Interchange/Assets/Content/gltf/MaterialInstances/MI_Sheen_Blend_DS.uexp" 1115
"../../../Engine/Plugins/Interchange/Assets/Content/gltf/MaterialInstances/MI_Sheen_Blend.uasset" 1116
"../../../Engine/Plugins/Interchange/Assets/Content/gltf/MaterialInstances/MI_Sheen_Blend.uexp" 1117
"../../../Engine/Plugins/Interchange/Assets/Content/gltf/MaterialBodies/MF_Default_Body.uasset" 1118
"../../../Engine/Plugins/Interchange/Assets/Content/gltf/MaterialBodies/MF_Default_Body.uexp" 1119
"../../../Engine/Plugins/Interchange/Assets/Content/gltf/M_Default.uasset" 1120
"../../../Engine/Plugins/Interchange/Assets/Content/gltf/M_Default.uexp" 1121
"../../../Engine/Plugins/Interchange/Assets/Content/gltf/MaterialInstances/MI_Default_Opaque_DS.uasset" 1122
"../../../Engine/Plugins/Interchange/Assets/Content/gltf/MaterialInstances/MI_Default_Opaque_DS.uexp" 1123
"../../../Engine/Plugins/Interchange/Assets/Content/gltf/MaterialInstances/MI_Default_Opaque.uasset" 1124
"../../../Engine/Plugins/Interchange/Assets/Content/gltf/MaterialInstances/MI_Default_Opaque.uexp" 1125
"../../../Engine/Plugins/Interchange/Assets/Content/gltf/MaterialInstances/MI_Default_Mask_DS.uasset" 1126
"../../../Engine/Plugins/Interchange/Assets/Content/gltf/MaterialInstances/MI_Default_Mask_DS.uexp" 1127
"../../../Engine/Plugins/Interchange/Assets/Content/gltf/MaterialInstances/MI_Default_Mask.uasset" 1128
"../../../Engine/Plugins/Interchange/Assets/Content/gltf/MaterialInstances/MI_Default_Mask.uexp" 1129
"../../../Engine/Plugins/Interchange/Assets/Content/gltf/MaterialInstances/MI_Default_Blend_DS.uasset" 1130
"../../../Engine/Plugins/Interchange/Assets/Content/gltf/MaterialInstances/MI_Default_Blend_DS.uexp" 1131
"../../../Engine/Plugins/Interchange/Assets/Content/gltf/MaterialInstances/MI_Default_Blend.uasset" 1132
"../../../Engine/Plugins/Interchange/Assets/Content/gltf/MaterialInstances/MI_Default_Blend.uexp" 1133
"../../../Engine/Content/Functions/Engine_MaterialFunctions01/Texturing/FlattenNormal.uasset" 1134
"../../../Engine/Content/Functions/Engine_MaterialFunctions01/Texturing/FlattenNormal.uexp" 1135
"../../../Engine/Plugins/Interchange/Assets/Content/gltf/MaterialFunctions/MF_Clearcoat.uasset" 1136
"../../../Engine/Plugins/Interchange/Assets/Content/gltf/MaterialFunctions/MF_Clearcoat.uexp" 1137
"../../../Engine/Plugins/Interchange/Assets/Content/gltf/MaterialBodies/MF_ClearCoat_Body.uasset" 1138
"../../../Engine/Plugins/Interchange/Assets/Content/gltf/MaterialBodies/MF_ClearCoat_Body.uexp" 1139
"../../../Engine/Plugins/Interchange/Assets/Content/gltf/M_ClearCoat.uasset" 1140
"../../../Engine/Plugins/Interchange/Assets/Content/gltf/M_ClearCoat.uexp" 1141
"../../../Engine/Plugins/Interchange/Assets/Content/gltf/MaterialInstances/MI_ClearCoat_Opaque_DS.uasset" 1142
"../../../Engine/Plugins/Interchange/Assets/Content/gltf/MaterialInstances/MI_ClearCoat_Opaque_DS.uexp" 1143
"../../../Engine/Plugins/Interchange/Assets/Content/gltf/MaterialInstances/MI_ClearCoat_Opaque.uasset" 1144
"../../../Engine/Plugins/Interchange/Assets/Content/gltf/MaterialInstances/MI_ClearCoat_Opaque.uexp" 1145
"../../../Engine/Plugins/Interchange/Assets/Content/gltf/MaterialInstances/MI_ClearCoat_Mask_DS.uasset" 1146
"../../../Engine/Plugins/Interchange/Assets/Content/gltf/MaterialInstances/MI_ClearCoat_Mask_DS.uexp" 1147
"../../../Engine/Plugins/Interchange/Assets/Content/gltf/MaterialInstances/MI_ClearCoat_Mask.uasset" 1148
"../../../Engine/Plugins/Interchange/Assets/Content/gltf/MaterialInstances/MI_ClearCoat_Mask.uexp" 1149
"../../../Engine/Plugins/Interchange/Assets/Content/gltf/MaterialInstances/MI_ClearCoat_Blend_DS.uasset" 1150
"../../../Engine/Plugins/Interchange/Assets/Content/gltf/MaterialInstances/MI_ClearCoat_Blend_DS.uexp" 1151
"../../../Engine/Plugins/Interchange/Assets/Content/gltf/MaterialInstances/MI_ClearCoat_Blend.uasset" 1152
"../../../Engine/Plugins/Interchange/Assets/Content/gltf/MaterialInstances/MI_ClearCoat_Blend.uexp" 1153
"../../../Engine/Content/EngineMaterials/Substrate/Volume/SubstrateSimpleVolumeLUT3D.uasset" 1154
"../../../Engine/Content/EngineMaterials/Substrate/Volume/SubstrateSimpleVolumeLUT3D.uexp" 1155
"../../../Engine/Content/EngineMaterials/Substrate/Volume/SubstrateSimpleVolumeEnvLUT3D.uasset" 1156
"../../../Engine/Content/EngineMaterials/Substrate/Volume/SubstrateSimpleVolumeEnvLUT3D.uexp" 1157
"../../../Engine/Plugins/NNE/NNEDenoiser/Content/NNED_Oidn2-3_HighQuality_Alpha.uasset" 1158
"../../../Engine/Plugins/NNE/NNEDenoiser/Content/NNED_Oidn2-3_HighQuality_Alpha.uexp" 1159
"../../../Engine/Plugins/NNE/NNEDenoiser/Content/NNED_Oidn2-3_HighQuality.uasset" 1160
"../../../Engine/Plugins/NNE/NNEDenoiser/Content/NNED_Oidn2-3_HighQuality.uexp" 1161
"../../../Engine/Plugins/NNE/NNEDenoiser/Content/NNED_Oidn2-3_Fast_Alpha.uasset" 1162
"../../../Engine/Plugins/NNE/NNEDenoiser/Content/NNED_Oidn2-3_Fast_Alpha.uexp" 1163
"../../../Engine/Plugins/NNE/NNEDenoiser/Content/NNED_Oidn2-3_Fast.uasset" 1164
"../../../Engine/Plugins/NNE/NNEDenoiser/Content/NNED_Oidn2-3_Fast.uexp" 1165
"../../../Engine/Plugins/NNE/NNEDenoiser/Content/NNED_Oidn2-3_Balanced_Alpha.uasset" 1166
"../../../Engine/Plugins/NNE/NNEDenoiser/Content/NNED_Oidn2-3_Balanced_Alpha.uexp" 1167
"../../../Engine/Plugins/NNE/NNEDenoiser/Content/NNED_Oidn2-3_Balanced.uasset" 1168
"../../../Engine/Plugins/NNE/NNEDenoiser/Content/NNED_Oidn2-3_Balanced.uexp" 1169
"../../../Engine/Plugins/NNE/NNEDenoiser/Content/NNEDT_Oidn2-3_Balanced_Alpha.uasset" 1170
"../../../Engine/Plugins/NNE/NNEDenoiser/Content/NNEDT_Oidn2-3_Balanced_Alpha.uexp" 1171
"../../../Engine/Plugins/NNE/NNEDenoiser/Content/NNEDT_Oidn2-3_Balanced.uasset" 1172
"../../../Engine/Plugins/NNE/NNEDenoiser/Content/NNEDT_Oidn2-3_Balanced.uexp" 1173
"../../../Engine/Plugins/Animation/DeformerGraph/Content/DeformerFunctions/DG_Function_LinearBlendSkin_Morph_Cloth_PositionOnly.uasset" 1174
"../../../Engine/Plugins/Animation/DeformerGraph/Content/DeformerFunctions/DG_Function_LinearBlendSkin_Morph_Cloth_PositionOnly.uexp" 1175
"../../../Engine/Plugins/Animation/DeformerGraph/Content/DeformerFunctions/DG_Function_ComputeNormalsTangents.uasset" 1176
"../../../Engine/Plugins/Animation/DeformerGraph/Content/DeformerFunctions/DG_Function_ComputeNormalsTangents.uexp" 1177
"../../../Engine/Plugins/Animation/DeformerGraph/Content/Deformers/DG_LinearBlendSkin_Morph_Cloth_RecomputeNormals.uasset" 1178
"../../../Engine/Plugins/Animation/DeformerGraph/Content/Deformers/DG_LinearBlendSkin_Morph_Cloth_RecomputeNormals.uexp" 1179
"../../../Engine/Plugins/Animation/DeformerGraph/Content/DeformerFunctions/DG_Function_LinearBlendSkin_Morph_Cloth.uasset" 1180
"../../../Engine/Plugins/Animation/DeformerGraph/Content/DeformerFunctions/DG_Function_LinearBlendSkin_Morph_Cloth.uexp" 1181
"../../../Engine/Plugins/Animation/DeformerGraph/Content/Deformers/DG_LinearBlendSkin_Morph_Cloth.uasset" 1182
"../../../Engine/Plugins/Animation/DeformerGraph/Content/Deformers/DG_LinearBlendSkin_Morph_Cloth.uexp" 1183
"../../../Engine/Content/Maps/Entry_BuiltData.uasset" 1184
"../../../Engine/Content/Maps/Entry_BuiltData.uexp" 1185
"../../../Engine/Content/Maps/Entry.uexp" 1186
"../../../Engine/Content/Maps/Entry.umap" 1187
"../../../Engine/Content/EngineMaterials/DefaultPhysicalMaterial.uasset" 1188
"../../../Engine/Content/EngineMaterials/DefaultPhysicalMaterial.uexp" 1189
"../../../Engine/Content/EngineSky/T_Sky_Stars.ubulk" 1190
"../../../Engine/Content/EngineSky/T_Sky_Stars.uasset" 1191
"../../../Engine/Content/EngineSky/T_Sky_Stars.uexp" 1192
"../../../Engine/Content/EngineSky/T_Sky_Clouds_M.ubulk" 1193
"../../../Engine/Content/EngineSky/T_Sky_Clouds_M.uasset" 1194
"../../../Engine/Content/EngineSky/T_Sky_Clouds_M.uexp" 1195
"../../../Engine/Content/EngineSky/T_Sky_Blue.ubulk" 1196
"../../../Engine/Content/EngineSky/T_Sky_Blue.uasset" 1197
"../../../Engine/Content/EngineSky/T_Sky_Blue.uexp" 1198
"../../../Engine/Content/EngineSky/M_Sky_Panning_Clouds2.uasset" 1199
"../../../Engine/Content/EngineSky/M_Sky_Panning_Clouds2.uexp" 1200
"../../../Engine/Content/EngineSky/SM_SkySphere.ubulk" 1201
"../../../Engine/Content/EngineSky/SM_SkySphere.uasset" 1202
"../../../Engine/Content/EngineSky/SM_SkySphere.uexp" 1203
"../../../Engine/Content/EngineSky/M_SimpleSkyDome.uasset" 1204
"../../../Engine/Content/EngineSky/M_SimpleSkyDome.uexp" 1205
"../../../Engine/Content/EngineSky/VolumetricClouds/VT_PerlinWorley_Balanced.uasset" 1206
"../../../Engine/Content/EngineSky/VolumetricClouds/VT_PerlinWorley_Balanced.uexp" 1207
"../../../Engine/Content/EngineSky/VolumetricClouds/T_Profile_08.ubulk" 1208
"../../../Engine/Content/EngineSky/VolumetricClouds/T_Profile_08.uasset" 1209
"../../../Engine/Content/EngineSky/VolumetricClouds/T_Profile_08.uexp" 1210
"../../../Engine/Content/EngineSky/VolumetricClouds/T_CloudPattern.ubulk" 1211
"../../../Engine/Content/EngineSky/VolumetricClouds/T_CloudPattern.uasset" 1212
"../../../Engine/Content/EngineSky/VolumetricClouds/T_CloudPattern.uexp" 1213
"../../../Engine/Content/EngineSky/VolumetricClouds/T_CloudMask.ubulk" 1214
"../../../Engine/Content/EngineSky/VolumetricClouds/T_CloudMask.uasset" 1215
"../../../Engine/Content/EngineSky/VolumetricClouds/T_CloudMask.uexp" 1216
"../../../Engine/Content/Functions/Engine_MaterialFunctions02/Utility/BreakOutFloat4Components.uasset" 1217
"../../../Engine/Content/Functions/Engine_MaterialFunctions02/Utility/BreakOutFloat4Components.uexp" 1218
"../../../Engine/Content/Functions/Engine_MaterialFunctions02/Utility/MakeFloat4.uasset" 1219
"../../../Engine/Content/Functions/Engine_MaterialFunctions02/Utility/MakeFloat4.uexp" 1220
"../../../Engine/Content/EngineResources/DefaultVolumeTexture2D.uasset" 1221
"../../../Engine/Content/EngineResources/DefaultVolumeTexture2D.uexp" 1222
"../../../Engine/Content/EngineResources/DefaultVolumeTexture.uasset" 1223
"../../../Engine/Content/EngineResources/DefaultVolumeTexture.uexp" 1224
"../../../Engine/Content/EngineSky/VolumetricClouds/VT_Lightning.uasset" 1225
"../../../Engine/Content/EngineSky/VolumetricClouds/VT_Lightning.uexp" 1226
"../../../Engine/Content/Functions/Engine_MaterialFunctions01/Units/Km-to-Cm.uasset" 1227
"../../../Engine/Content/Functions/Engine_MaterialFunctions01/Units/Km-to-Cm.uexp" 1228
"../../../Engine/Content/EngineSky/VolumetricClouds/m_SimpleVolumetricCloud.uasset" 1229
"../../../Engine/Content/EngineSky/VolumetricClouds/m_SimpleVolumetricCloud.uexp" 1230
"../../../Engine/Content/EngineSky/VolumetricClouds/m_SimpleVolumetricCloud_Inst.uasset" 1231
"../../../Engine/Content/EngineSky/VolumetricClouds/m_SimpleVolumetricCloud_Inst.uexp" 1232
"C:/Projects/Unreal/WaveProject/Content/WaveGame/Enemies/Fairy/Fairy_Skeleton.uasset" 1233
"C:/Projects/Unreal/WaveProject/Content/WaveGame/Enemies/Fairy/Fairy_Skeleton.uexp" 1234
"C:/Projects/Unreal/WaveProject/Content/WaveGame/Enemies/Fairy/FairyTexture.ubulk" 1235
"C:/Projects/Unreal/WaveProject/Content/WaveGame/Enemies/Fairy/FairyTexture.uasset" 1236
"C:/Projects/Unreal/WaveProject/Content/WaveGame/Enemies/Fairy/FairyTexture.uexp" 1237
"C:/Projects/Unreal/WaveProject/Content/WaveGame/Enemies/Fairy/M_Fairy.uasset" 1238
"C:/Projects/Unreal/WaveProject/Content/WaveGame/Enemies/Fairy/M_Fairy.uexp" 1239
"C:/Projects/Unreal/WaveProject/Content/WaveGame/Enemies/Fairy/Fairy_PhysicsAsset.uasset" 1240
"C:/Projects/Unreal/WaveProject/Content/WaveGame/Enemies/Fairy/Fairy_PhysicsAsset.uexp" 1241
"C:/Projects/Unreal/WaveProject/Content/WaveGame/Enemies/Fairy/Fairy.uasset" 1242
"C:/Projects/Unreal/WaveProject/Content/WaveGame/Enemies/Fairy/Fairy.uexp" 1243
"C:/Projects/Unreal/WaveProject/Content/WaveGame/Enemies/Fairy/Bow.ubulk" 1244
"C:/Projects/Unreal/WaveProject/Content/WaveGame/Enemies/Fairy/Bow.uasset" 1245
"C:/Projects/Unreal/WaveProject/Content/WaveGame/Enemies/Fairy/Bow.uexp" 1246
"C:/Projects/Unreal/WaveProject/Content/WaveGame/Enemies/Fairy/Anims/FairyIdle.uasset" 1247
"C:/Projects/Unreal/WaveProject/Content/WaveGame/Enemies/Fairy/Anims/FairyIdle.uexp" 1248
"C:/Projects/Unreal/WaveProject/Content/WaveGame/Enemies/Fairy/Anims/Krilia.uasset" 1249
"C:/Projects/Unreal/WaveProject/Content/WaveGame/Enemies/Fairy/Anims/Krilia.uexp" 1250
"C:/Projects/Unreal/WaveProject/Content/WaveGame/Enemies/ABP_Fairy.uasset" 1251
"C:/Projects/Unreal/WaveProject/Content/WaveGame/Enemies/ABP_Fairy.uexp" 1252
"C:/Projects/Unreal/WaveProject/Content/WaveGame/Enemies/Fairy/Anims/FairyFair.uasset" 1253
"C:/Projects/Unreal/WaveProject/Content/WaveGame/Enemies/Fairy/Anims/FairyFair.uexp" 1254
"C:/Projects/Unreal/WaveProject/Content/WaveGame/Enemies/Fairy/Anims/AM_FairyShot.uasset" 1255
"C:/Projects/Unreal/WaveProject/Content/WaveGame/Enemies/Fairy/Anims/AM_FairyShot.uexp" 1256
"C:/Projects/Unreal/WaveProject/Content/WaveGame/AI_Enemy/RangeEnemy/Decorator/E_DistantCheck.uasset" 1257
"C:/Projects/Unreal/WaveProject/Content/WaveGame/AI_Enemy/RangeEnemy/Decorator/E_DistantCheck.uexp" 1258
"C:/Projects/Unreal/WaveProject/Content/WaveGame/AI_Enemy/RangeEnemy/BB_RangeEnemy.uasset" 1259
"C:/Projects/Unreal/WaveProject/Content/WaveGame/AI_Enemy/RangeEnemy/BB_RangeEnemy.uexp" 1260
"C:/Projects/Unreal/WaveProject/Content/WaveGame/AI_Enemy/RangeEnemy/Tasks/BTTask_FindDistanceToPlayer.uasset" 1261
"C:/Projects/Unreal/WaveProject/Content/WaveGame/AI_Enemy/RangeEnemy/Tasks/BTTask_FindDistanceToPlayer.uexp" 1262
"C:/Projects/Unreal/WaveProject/Content/WaveGame/AI_Enemy/RangeEnemy/Tasks/BTT_RangedAttack.uasset" 1263
"C:/Projects/Unreal/WaveProject/Content/WaveGame/AI_Enemy/RangeEnemy/Tasks/BTT_RangedAttack.uexp" 1264
"C:/Projects/Unreal/WaveProject/Content/WaveGame/AI_Enemy/RangeEnemy/Tasks/BTT_FindRetreatLocation.uasset" 1265
"C:/Projects/Unreal/WaveProject/Content/WaveGame/AI_Enemy/RangeEnemy/Tasks/BTT_FindRetreatLocation.uexp" 1266
"C:/Projects/Unreal/WaveProject/Content/WaveGame/AI_Enemy/MeleeEnemy/Service/BTService_CheckGamemodeAndAlert.uasset" 1267
"C:/Projects/Unreal/WaveProject/Content/WaveGame/AI_Enemy/MeleeEnemy/Service/BTService_CheckGamemodeAndAlert.uexp" 1268
"C:/Projects/Unreal/WaveProject/Content/WaveGame/AI_Enemy/RangeEnemy/BT_RangeEnemy.uasset" 1269
"C:/Projects/Unreal/WaveProject/Content/WaveGame/AI_Enemy/RangeEnemy/BT_RangeEnemy.uexp" 1270
"C:/Projects/Unreal/WaveProject/Content/WaveGame/AI_Enemy/RangeEnemy/AIC_RangeEnemy.uasset" 1271
"C:/Projects/Unreal/WaveProject/Content/WaveGame/AI_Enemy/RangeEnemy/AIC_RangeEnemy.uexp" 1272
"C:/Projects/Unreal/WaveProject/Content/WaveGame/AI_Enemy/RangeEnemy/BP_Arrow.uasset" 1273
"C:/Projects/Unreal/WaveProject/Content/WaveGame/AI_Enemy/RangeEnemy/BP_Arrow.uexp" 1274
"C:/Projects/Unreal/WaveProject/Content/WaveGame/AI_Enemy/RangeEnemy/BP_RangeEnemy.uasset" 1275
"C:/Projects/Unreal/WaveProject/Content/WaveGame/AI_Enemy/RangeEnemy/BP_RangeEnemy.uexp" 1276
"C:/Projects/Unreal/WaveProject/Content/WaveGame/Materials/PostProcessing/M_PP_CelShading_Master.uasset" 1277
"C:/Projects/Unreal/WaveProject/Content/WaveGame/Materials/PostProcessing/M_PP_CelShading_Master.uexp" 1278
"C:/Projects/Unreal/WaveProject/Content/WaveGame/Materials/PostProcessing/MI_PP_CelShading_Master.uasset" 1279
"C:/Projects/Unreal/WaveProject/Content/WaveGame/Materials/PostProcessing/MI_PP_CelShading_Master.uexp" 1280
"C:/Projects/Unreal/WaveProject/Content/WaveGame/Assets2D/Textures/Tree3.uasset" 1281
"C:/Projects/Unreal/WaveProject/Content/WaveGame/Assets2D/Textures/Tree3.uexp" 1282
"C:/Projects/Unreal/WaveProject/Content/WaveGame/Assets2D/Materials/Tree3_Mat.uasset" 1283
"C:/Projects/Unreal/WaveProject/Content/WaveGame/Assets2D/Materials/Tree3_Mat.uexp" 1284
"C:/Projects/Unreal/WaveProject/Content/WaveGame/Assets2D/SM_Tree3.ubulk" 1285
"C:/Projects/Unreal/WaveProject/Content/WaveGame/Assets2D/SM_Tree3.uasset" 1286
"C:/Projects/Unreal/WaveProject/Content/WaveGame/Assets2D/SM_Tree3.uexp" 1287
"C:/Projects/Unreal/WaveProject/Content/WaveGame/Assets2D/BP_Tree3.uasset" 1288
"C:/Projects/Unreal/WaveProject/Content/WaveGame/Assets2D/BP_Tree3.uexp" 1289
"C:/Projects/Unreal/WaveProject/Content/WaveGame/Assets2D/Textures/Tree2.uasset" 1290
"C:/Projects/Unreal/WaveProject/Content/WaveGame/Assets2D/Textures/Tree2.uexp" 1291
"C:/Projects/Unreal/WaveProject/Content/WaveGame/Assets2D/Materials/Tree2_Mat.uasset" 1292
"C:/Projects/Unreal/WaveProject/Content/WaveGame/Assets2D/Materials/Tree2_Mat.uexp" 1293
"C:/Projects/Unreal/WaveProject/Content/WaveGame/Assets2D/SM_Tree2.ubulk" 1294
"C:/Projects/Unreal/WaveProject/Content/WaveGame/Assets2D/SM_Tree2.uasset" 1295
"C:/Projects/Unreal/WaveProject/Content/WaveGame/Assets2D/SM_Tree2.uexp" 1296
"C:/Projects/Unreal/WaveProject/Content/WaveGame/Assets2D/BP_Tree2.uasset" 1297
"C:/Projects/Unreal/WaveProject/Content/WaveGame/Assets2D/BP_Tree2.uexp" 1298
"C:/Projects/Unreal/WaveProject/Content/WaveGame/Assets2D/Textures/Tree1.uasset" 1299
"C:/Projects/Unreal/WaveProject/Content/WaveGame/Assets2D/Textures/Tree1.uexp" 1300
"C:/Projects/Unreal/WaveProject/Content/WaveGame/Assets2D/Materials/Tree1_Mat.uasset" 1301
"C:/Projects/Unreal/WaveProject/Content/WaveGame/Assets2D/Materials/Tree1_Mat.uexp" 1302
"C:/Projects/Unreal/WaveProject/Content/WaveGame/Assets2D/SM_Tree1.ubulk" 1303
"C:/Projects/Unreal/WaveProject/Content/WaveGame/Assets2D/SM_Tree1.uasset" 1304
"C:/Projects/Unreal/WaveProject/Content/WaveGame/Assets2D/SM_Tree1.uexp" 1305
"C:/Projects/Unreal/WaveProject/Content/WaveGame/Assets2D/BP_Tree1.uasset" 1306
"C:/Projects/Unreal/WaveProject/Content/WaveGame/Assets2D/BP_Tree1.uexp" 1307
"../../../Engine/Plugins/2D/Paper2D/Content/TranslucentUnlitSpriteMaterial.uasset" 1308
"../../../Engine/Plugins/2D/Paper2D/Content/TranslucentUnlitSpriteMaterial.uexp" 1309
"C:/Projects/Unreal/WaveProject/Content/WaveGame/Assets2D/Textures/Rock1.uasset" 1310
"C:/Projects/Unreal/WaveProject/Content/WaveGame/Assets2D/Textures/Rock1.uexp" 1311
"C:/Projects/Unreal/WaveProject/Content/WaveGame/Assets2D/Sprites/Rock1_Sprite.uasset" 1312
"C:/Projects/Unreal/WaveProject/Content/WaveGame/Assets2D/Sprites/Rock1_Sprite.uexp" 1313
"C:/Projects/Unreal/WaveProject/Content/WaveGame/Assets2D/BP_Rock1.uasset" 1314
"C:/Projects/Unreal/WaveProject/Content/WaveGame/Assets2D/BP_Rock1.uexp" 1315
"C:/Projects/Unreal/WaveProject/Content/WaveGame/Assets2D/AF_Tree3.uasset" 1316
"C:/Projects/Unreal/WaveProject/Content/WaveGame/Assets2D/AF_Tree3.uexp" 1317
"C:/Projects/Unreal/WaveProject/Content/WaveGame/Assets2D/AF_Tree2.uasset" 1318
"C:/Projects/Unreal/WaveProject/Content/WaveGame/Assets2D/AF_Tree2.uexp" 1319
"C:/Projects/Unreal/WaveProject/Content/WaveGame/Assets2D/AF_Tree1.uasset" 1320
"C:/Projects/Unreal/WaveProject/Content/WaveGame/Assets2D/AF_Tree1.uexp" 1321
"../../../Engine/Content/EngineMaterials/WeightMapPlaceholderTexture.uasset" 1322
"../../../Engine/Content/EngineMaterials/WeightMapPlaceholderTexture.uexp" 1323
"../../../Engine/Content/EngineMaterials/WeightMapArrayPlaceholderTexture.uasset" 1324
"../../../Engine/Content/EngineMaterials/WeightMapArrayPlaceholderTexture.uexp" 1325
"../../../Engine/Content/EngineMaterials/T_Default_MacroVariation.ubulk" 1326
"../../../Engine/Content/EngineMaterials/T_Default_MacroVariation.uasset" 1327
"../../../Engine/Content/EngineMaterials/T_Default_MacroVariation.uexp" 1328
"C:/Projects/Unreal/WaveProject/Content/WaveGame/Materials/Landscape/Dirt/DirtTexturee.uasset" 1329
"C:/Projects/Unreal/WaveProject/Content/WaveGame/Materials/Landscape/Dirt/DirtTexturee.uexp" 1330
"C:/Projects/Unreal/WaveProject/Content/WaveGame/Materials/Landscape/M_Landscape.uasset" 1331
"C:/Projects/Unreal/WaveProject/Content/WaveGame/Materials/Landscape/M_Landscape.uexp" 1332
"C:/Projects/Unreal/WaveProject/Content/WaveGame/Materials/Landscape/MI_Landscape.uasset" 1333
"C:/Projects/Unreal/WaveProject/Content/WaveGame/Materials/Landscape/MI_Landscape.uexp" 1334
"C:/Projects/Unreal/WaveProject/Content/WaveGame/Materials/Landscape/Layers/Grass_LayerInfo.uasset" 1335
"C:/Projects/Unreal/WaveProject/Content/WaveGame/Materials/Landscape/Layers/Grass_LayerInfo.uexp" 1336
"C:/Projects/Unreal/WaveProject/Content/WaveGame/Materials/Landscape/Layers/Dirt_LayerInfo.uasset" 1337
"C:/Projects/Unreal/WaveProject/Content/WaveGame/Materials/Landscape/Layers/Dirt_LayerInfo.uexp" 1338
"C:/Projects/Unreal/WaveProject/Content/WaveGame/Levels/Assets/Stone__3_.ubulk" 1339
"C:/Projects/Unreal/WaveProject/Content/WaveGame/Levels/Assets/Stone__3_.uasset" 1340
"C:/Projects/Unreal/WaveProject/Content/WaveGame/Levels/Assets/Stone__3_.uexp" 1341
"C:/Projects/Unreal/WaveProject/Content/WaveGame/Levels/Assets/TextureFence.ubulk" 1342
"C:/Projects/Unreal/WaveProject/Content/WaveGame/Levels/Assets/TextureFence.uasset" 1343
"C:/Projects/Unreal/WaveProject/Content/WaveGame/Levels/Assets/TextureFence.uexp" 1344
"C:/Projects/Unreal/WaveProject/Content/WaveGame/Levels/Assets/Material.uasset" 1345
"C:/Projects/Unreal/WaveProject/Content/WaveGame/Levels/Assets/Material.uexp" 1346
"C:/Projects/Unreal/WaveProject/Content/WaveGame/Levels/Assets/Fence.ubulk" 1347
"C:/Projects/Unreal/WaveProject/Content/WaveGame/Levels/Assets/Fence.uasset" 1348
"C:/Projects/Unreal/WaveProject/Content/WaveGame/Levels/Assets/Fence.uexp" 1349
"C:/Projects/Unreal/WaveProject/Content/WaveGame/Enemies/Dog/SK_Dog.uasset" 1350
"C:/Projects/Unreal/WaveProject/Content/WaveGame/Enemies/Dog/SK_Dog.uexp" 1351
"C:/Projects/Unreal/WaveProject/Content/WaveGame/Enemies/Dog/PSK_Dog.uasset" 1352
"C:/Projects/Unreal/WaveProject/Content/WaveGame/Enemies/Dog/PSK_Dog.uexp" 1353
"C:/Projects/Unreal/WaveProject/Content/WaveGame/Enemies/Dog/DogTexture.ubulk" 1354
"C:/Projects/Unreal/WaveProject/Content/WaveGame/Enemies/Dog/DogTexture.uasset" 1355
"C:/Projects/Unreal/WaveProject/Content/WaveGame/Enemies/Dog/DogTexture.uexp" 1356
"C:/Projects/Unreal/WaveProject/Content/WaveGame/Enemies/Dog/M_Dog.uasset" 1357
"C:/Projects/Unreal/WaveProject/Content/WaveGame/Enemies/Dog/M_Dog.uexp" 1358
"C:/Projects/Unreal/WaveProject/Content/WaveGame/Enemies/Dog/SM_Dog.uasset" 1359
"C:/Projects/Unreal/WaveProject/Content/WaveGame/Enemies/Dog/SM_Dog.uexp" 1360
"C:/Projects/Unreal/WaveProject/Content/WaveGame/Enemies/Dog/MM_DogRun.uasset" 1361
"C:/Projects/Unreal/WaveProject/Content/WaveGame/Enemies/Dog/MM_DogRun.uexp" 1362
"C:/Projects/Unreal/WaveProject/Content/WaveGame/Enemies/ABP_Dog.uasset" 1363
"C:/Projects/Unreal/WaveProject/Content/WaveGame/Enemies/ABP_Dog.uexp" 1364
"C:/Projects/Unreal/WaveProject/Content/WaveGame/Enemies/Dog/Dog4_Anim_Dog_Rig_Bite.uasset" 1365
"C:/Projects/Unreal/WaveProject/Content/WaveGame/Enemies/Dog/Dog4_Anim_Dog_Rig_Bite.uexp" 1366
"C:/Projects/Unreal/WaveProject/Content/WaveGame/Enemies/Dog/AM_DogBIteNew.uasset" 1367
"C:/Projects/Unreal/WaveProject/Content/WaveGame/Enemies/Dog/AM_DogBIteNew.uexp" 1368
"C:/Projects/Unreal/WaveProject/Content/WaveGame/AI_Enemy/MeleeEnemy/BPI_EnemyGroup.uasset" 1369
"C:/Projects/Unreal/WaveProject/Content/WaveGame/AI_Enemy/MeleeEnemy/BPI_EnemyGroup.uexp" 1370
"C:/Projects/Unreal/WaveProject/Content/WaveGame/AI_Enemy/MeleeEnemy/BB_MeleeEnemy.uasset" 1371
"C:/Projects/Unreal/WaveProject/Content/WaveGame/AI_Enemy/MeleeEnemy/BB_MeleeEnemy.uexp" 1372
"C:/Projects/Unreal/WaveProject/Content/WaveGame/AI_Enemy/MeleeEnemy/EQS/EQS_Context_AttackTarget.uasset" 1373
"C:/Projects/Unreal/WaveProject/Content/WaveGame/AI_Enemy/MeleeEnemy/EQS/EQS_Context_AttackTarget.uexp" 1374
"C:/Projects/Unreal/WaveProject/Content/WaveGame/AI_Enemy/MeleeEnemy/EQS/EQS_Strafe.uasset" 1375
"C:/Projects/Unreal/WaveProject/Content/WaveGame/AI_Enemy/MeleeEnemy/EQS/EQS_Strafe.uexp" 1376
"C:/Projects/Unreal/WaveProject/Content/WaveGame/AI_Enemy/MeleeEnemy/Tasks/BTTask_Attack.uasset" 1377
"C:/Projects/Unreal/WaveProject/Content/WaveGame/AI_Enemy/MeleeEnemy/Tasks/BTTask_Attack.uexp" 1378
"C:/Projects/Unreal/WaveProject/Content/WaveGame/AI_Enemy/MeleeEnemy/BT_MeleeEnemy.uasset" 1379
"C:/Projects/Unreal/WaveProject/Content/WaveGame/AI_Enemy/MeleeEnemy/BT_MeleeEnemy.uexp" 1380
"C:/Projects/Unreal/WaveProject/Content/WaveGame/AI_Enemy/MeleeEnemy/AIC_MeleeEnemy.uasset" 1381
"C:/Projects/Unreal/WaveProject/Content/WaveGame/AI_Enemy/MeleeEnemy/AIC_MeleeEnemy.uexp" 1382
"C:/Projects/Unreal/WaveProject/Content/WaveGame/AI_Enemy/MeleeEnemy/BP_MeleeEnemy.uasset" 1383
"C:/Projects/Unreal/WaveProject/Content/WaveGame/AI_Enemy/MeleeEnemy/BP_MeleeEnemy.uexp" 1384
"C:/Projects/Unreal/WaveProject/Content/WaveGame/Levels/LevelTutorialZone.uexp" 1385
"C:/Projects/Unreal/WaveProject/Content/WaveGame/Levels/LevelTutorialZone.ubulk" 1386
"C:/Projects/Unreal/WaveProject/Content/WaveGame/Levels/LevelTutorialZone.umap" 1387
